itm_no_item|INVALID ITEM
itm_no_item_pl|INVALID ITEM
itm_tutorial_spear|Spear
itm_tutorial_spear_pl|Spear
itm_tutorial_club|Club
itm_tutorial_club_pl|Club
itm_tutorial_battle_axe|Battle Axe
itm_tutorial_battle_axe_pl|Battle Axe
itm_tutorial_arrows|Arrows
itm_tutorial_arrows_pl|Arrows
itm_tutorial_bolts|Bolts
itm_tutorial_bolts_pl|Bolts
itm_tutorial_short_bow|Self Bow
itm_tutorial_short_bow_pl|Self Bow
itm_tutorial_crossbow|Crossbow
itm_tutorial_crossbow_pl|Crossbow
itm_tutorial_throwing_daggers|Throwing Daggers
itm_tutorial_throwing_daggers_pl|Throwing Daggers
itm_tutorial_saddle_horse|Saddle Horse
itm_tutorial_saddle_horse_pl|Saddle Horse
itm_tutorial_shield|Kite Shield
itm_tutorial_shield_pl|Kite Shield
itm_tutorial_staff_no_attack|Staff
itm_tutorial_staff_no_attack_pl|Staff
itm_tutorial_staff|Staff
itm_tutorial_staff_pl|Staff
itm_tutorial_sword|Sword
itm_tutorial_sword_pl|Sword
itm_tutorial_axe|Axe
itm_tutorial_axe_pl|Axe
itm_tutorial_dagger|Dagger
itm_tutorial_dagger_pl|Dagger
itm_horse_meat|Horse Meat
itm_horse_meat_pl|Horse Meat
itm_practice_sword|Practice Sword
itm_practice_sword_pl|Practice Sword
itm_heavy_practice_sword|Heavy Practice Sword
itm_heavy_practice_sword_pl|Heavy Practice Sword
itm_practice_dagger|Practice Dagger
itm_practice_dagger_pl|Practice Dagger
itm_practice_axe|Practice Axe
itm_practice_axe_pl|Practice Axe
itm_arena_axe|Axe
itm_arena_axe_pl|Axe
itm_arena_sword|Sword
itm_arena_sword_pl|Sword
itm_arena_sword_two_handed|Two Handed Sword
itm_arena_sword_two_handed_pl|Two Handed Sword
itm_arena_lance|Lance
itm_arena_lance_pl|Lance
itm_practice_staff|Practice Staff
itm_practice_staff_pl|Practice Staff
itm_practice_lance|Practice Lance
itm_practice_lance_pl|Practice Lance
itm_practice_shield|Practice Shield
itm_practice_shield_pl|Practice Shield
itm_practice_bow|Practice Bow
itm_practice_bow_pl|Practice Bow
itm_practice_crossbow|Practice Crossbow
itm_practice_crossbow_pl|Practice Crossbow
itm_practice_javelin|Practice Javelins
itm_practice_javelin_pl|Practice Javelins
itm_practice_javelin_melee|practice javelin melee
itm_practice_javelin_melee_pl|practice javelin melee
itm_practice_throwing_daggers|Throwing Daggers
itm_practice_throwing_daggers_pl|Throwing Daggers
itm_practice_throwing_daggers_100_amount|Throwing Daggers
itm_practice_throwing_daggers_100_amount_pl|Throwing Daggers
itm_practice_horse|Practice Horse
itm_practice_horse_pl|Practice Horse
itm_practice_arrows|Practice Arrows
itm_practice_arrows_pl|Practice Arrows
itm_practice_bolts|Practice Bolts
itm_practice_bolts_pl|Practice Bolts
itm_practice_arrows_10_amount|Practice Arrows
itm_practice_arrows_10_amount_pl|Practice Arrows
itm_practice_arrows_100_amount|Practice Arrows
itm_practice_arrows_100_amount_pl|Practice Arrows
itm_practice_bolts_9_amount|Practice Bolts
itm_practice_bolts_9_amount_pl|Practice Bolts
itm_practice_boots|Practice Boots
itm_practice_boots_pl|Practice Boots
itm_book_tactics|De Re Militari
itm_book_tactics_pl|De Re Militari
itm_book_persuasion|Rhetorica ad Herennium
itm_book_persuasion_pl|Rhetorica ad Herennium
itm_book_leadership|The Life of Alixenus the Great
itm_book_leadership_pl|The Life of Alixenus the Great
itm_book_intelligence|Essays on Logic
itm_book_intelligence_pl|Essays on Logic
itm_book_trade|A Treatise on the Value of Things
itm_book_trade_pl|A Treatise on the Value of Things
itm_book_weapon_mastery|On the Art of Fighting with Swords
itm_book_weapon_mastery_pl|On the Art of Fighting with Swords
itm_book_engineering|Method of Mechanical Theorems
itm_book_engineering_pl|Method of Mechanical Theorems
itm_book_wound_treatment_reference|The Book of Healing
itm_book_wound_treatment_reference_pl|The Book of Healing
itm_book_training_reference|Manual of Arms
itm_book_training_reference_pl|Manual of Arms
itm_book_surgery_reference|The Great Book of Surgery
itm_book_surgery_reference_pl|The Great Book of Surgery
itm_spice|Spice
itm_spice_pl|Spice
itm_salt|Salt
itm_salt_pl|Salt
itm_oil|Oil
itm_oil_pl|Oil
itm_pottery|Pottery
itm_pottery_pl|Pottery
itm_raw_flax|Flax Bundle
itm_raw_flax_pl|Flax Bundle
itm_linen|Linen
itm_linen_pl|Linen
itm_wool|Wool
itm_wool_pl|Wool
itm_wool_cloth|Wool Cloth
itm_wool_cloth_pl|Wool Cloth
itm_raw_silk|Raw Silk
itm_raw_silk_pl|Raw Silk
itm_raw_dyes|Dyes
itm_raw_dyes_pl|Dyes
itm_velvet|Velvet
itm_velvet_pl|Velvet
itm_iron|Iron
itm_iron_pl|Iron
itm_tools|Tools
itm_tools_pl|Tools
itm_raw_leather|Hides
itm_raw_leather_pl|Hides
itm_leatherwork|Leatherwork
itm_leatherwork_pl|Leatherwork
itm_raw_date_fruit|Date Fruit
itm_raw_date_fruit_pl|Date Fruit
itm_furs|Furs
itm_furs_pl|Furs
itm_wine|Wine
itm_wine_pl|Wine
itm_ale|Ale
itm_ale_pl|Ale
itm_smoked_fish|Smoked Fish
itm_smoked_fish_pl|Smoked Fish
itm_cheese|Cheese
itm_cheese_pl|Cheese
itm_honey|Honey
itm_honey_pl|Honey
itm_sausages|Sausages
itm_sausages_pl|Sausages
itm_cabbages|Cabbages
itm_cabbages_pl|Cabbages
itm_dried_meat|Dried Meat
itm_dried_meat_pl|Dried Meat
itm_apples|Fruit
itm_apples_pl|Fruit
itm_raw_grapes|Grapes
itm_raw_grapes_pl|Grapes
itm_raw_olives|Olives
itm_raw_olives_pl|Olives
itm_grain|Grain
itm_grain_pl|Grain
itm_cattle_meat|Beef
itm_cattle_meat_pl|Beef
itm_bread|Bread
itm_bread_pl|Bread
itm_chicken|Chicken
itm_chicken_pl|Chicken
itm_pork|Pork
itm_pork_pl|Pork
itm_butter|Butter
itm_butter_pl|Butter
itm_siege_supply|Supplies
itm_siege_supply_pl|Supplies
itm_quest_wine|Wine
itm_quest_wine_pl|Wine
itm_quest_ale|Ale
itm_quest_ale_pl|Ale
itm_sumpter_horse|Packhorse
itm_sumpter_horse_pl|Packhorse
itm_saddle_horse|Rouncey
itm_saddle_horse_pl|Rouncey
itm_steppe_horse|Steppe Horse
itm_steppe_horse_pl|Steppe Horse
itm_arabian_horse_a|Arabian Horse
itm_arabian_horse_a_pl|Arabian Horse
itm_courser|Palfrey
itm_courser_pl|Palfrey
itm_arabian_horse_b|Arabian Horse
itm_arabian_horse_b_pl|Arabian Horse
itm_hunter|Courser
itm_hunter_pl|Courser
itm_warhorse|War Horse
itm_warhorse_pl|War Horse
itm_warhorse_white|Barded Destrier
itm_warhorse_white_pl|Barded Destrier
itm_warhorse_red|Barded Destrier
itm_warhorse_red_pl|Barded Destrier
itm_warhorse_blue|Barded Destrier
itm_warhorse_blue_pl|Barded Destrier
itm_warhorse_yellow|Barded Destrier
itm_warhorse_yellow_pl|Barded Destrier
itm_warhorse_player|Custom Barded Destrier
itm_warhorse_player_pl|Custom Barded Destrier
itm_warhorse_lionel|Barded Destrier
itm_warhorse_lionel_pl|Barded Destrier
itm_warhorse_lethwin|Barded Destrier
itm_warhorse_lethwin_pl|Barded Destrier
itm_rnd_horse_01|Caparisoned Destrier
itm_rnd_horse_01_pl|Caparisoned Destrier
itm_rnd_horse_02|Caparisoned Destrier
itm_rnd_horse_02_pl|Caparisoned Destrier
itm_rnd_horse_03|Caparisoned Destrier
itm_rnd_horse_03_pl|Caparisoned Destrier
itm_rnd_horse_04|Caparisoned Destrier
itm_rnd_horse_04_pl|Caparisoned Destrier
itm_rnd_horse_05|Caparisoned Destrier
itm_rnd_horse_05_pl|Caparisoned Destrier
itm_rnd_horse_06|Caparisoned Destrier
itm_rnd_horse_06_pl|Caparisoned Destrier
itm_rnd_horse_07|Caparisoned Destrier
itm_rnd_horse_07_pl|Caparisoned Destrier
itm_rnd_horse_08|Caparisoned Destrier
itm_rnd_horse_08_pl|Caparisoned Destrier
itm_rnd_horse_09|Caparisoned Destrier
itm_rnd_horse_09_pl|Caparisoned Destrier
itm_rnd_horse_10|Caparisoned Destrier
itm_rnd_horse_10_pl|Caparisoned Destrier
itm_rnd_horse_11|Caparisoned Destrier
itm_rnd_horse_11_pl|Caparisoned Destrier
itm_rnd_horse_12|Caparisoned Destrier
itm_rnd_horse_12_pl|Caparisoned Destrier
itm_rnd_horse_13|Caparisoned Destrier
itm_rnd_horse_13_pl|Caparisoned Destrier
itm_rnd_horse_14|Caparisoned Destrier
itm_rnd_horse_14_pl|Caparisoned Destrier
itm_rnd_horse_15|Caparisoned Destrier
itm_rnd_horse_15_pl|Caparisoned Destrier
itm_rnd_horse_16|Caparisoned Destrier
itm_rnd_horse_16_pl|Caparisoned Destrier
itm_rnd_horse_17|Caparisoned Destrier
itm_rnd_horse_17_pl|Caparisoned Destrier
itm_rnd_horse_18|Caparisoned Destrier
itm_rnd_horse_18_pl|Caparisoned Destrier
itm_rnd_horse_19|Caparisoned Destrier
itm_rnd_horse_19_pl|Caparisoned Destrier
itm_rnd_horse_20|Caparisoned Destrier
itm_rnd_horse_20_pl|Caparisoned Destrier
itm_rnd_horse_21|Caparisoned Destrier
itm_rnd_horse_21_pl|Caparisoned Destrier
itm_rnd_horse_22|Caparisoned Destrier
itm_rnd_horse_22_pl|Caparisoned Destrier
itm_rnd_horse_23|Caparisoned Destrier
itm_rnd_horse_23_pl|Caparisoned Destrier
itm_warhorse_denmark_a|Danish Destrier
itm_warhorse_denmark_a_pl|Danish Destrier
itm_warhorse_england_a|English Destrier
itm_warhorse_england_a_pl|English Destrier
itm_warhorse_devalence|English Destrier
itm_warhorse_devalence_pl|English Destrier
itm_warhorse_demontfort|English Destrier
itm_warhorse_demontfort_pl|English Destrier
itm_warhorse_mortimer|English Destrier
itm_warhorse_mortimer_pl|English Destrier
itm_warhorse_bigod|English Destrier
itm_warhorse_bigod_pl|English Destrier
itm_warhorse_dewarenne|English Destrier
itm_warhorse_dewarenne_pl|English Destrier
itm_warhorse_france_a|French Destrier
itm_warhorse_france_a_pl|French Destrier
itm_warhorse_hre_a|HRE Destrier
itm_warhorse_hre_a_pl|HRE Destrier
itm_warhorse_bohemia|Bohemian Destrier
itm_warhorse_bohemia_pl|Bohemian Destrier
itm_warhorse_hungary_a|Hungarian Destrier
itm_warhorse_hungary_a_pl|Hungarian Destrier
itm_warhorse_ireland_a|Irish Destrier
itm_warhorse_ireland_a_pl|Irish Destrier
itm_warhorse_lithuania_a|Lithuanian Destrier
itm_warhorse_lithuania_a_pl|Lithuanian Destrier
itm_warhorse_norway_a|Norwegian Destrier
itm_warhorse_norway_a_pl|Norwegian Destrier
itm_warhorse_novgorod_a|Russian Destrier
itm_warhorse_novgorod_a_pl|Russian Destrier
itm_warhorse_scotland_a|Scottish Destrier
itm_warhorse_scotland_a_pl|Scottish Destrier
itm_warhorse_sweden_a|Swedish Destrier
itm_warhorse_sweden_a_pl|Swedish Destrier
itm_warhorse_przemysl2|Polish Destrier
itm_warhorse_przemysl2_pl|Polish Destrier
itm_warhorse_czersk|Polish Destrier
itm_warhorse_czersk_pl|Polish Destrier
itm_warhorse_slask_a|Caparisoned Destrier
itm_warhorse_slask_a_pl|Caparisoned Destrier
itm_warhorse_siemowit_a|Caparisoned Destrier
itm_warhorse_siemowit_a_pl|Caparisoned Destrier
itm_warhorse_poland_a|Polish Destrier
itm_warhorse_poland_a_pl|Polish Destrier
itm_warhorse_poland_b|Polish Destrier
itm_warhorse_poland_b_pl|Polish Destrier
itm_warhorse_kaliskie_a|Polish Destrier
itm_warhorse_kaliskie_a_pl|Polish Destrier
itm_warhorse_gslask|Polish Destrier
itm_warhorse_gslask_pl|Polish Destrier
itm_warhorse_dslask|Polish Destrier
itm_warhorse_dslask_pl|Polish Destrier
itm_warhorse_swietopelk|Polish Destrier
itm_warhorse_swietopelk_pl|Polish Destrier
itm_warhorse_pol_a|Polish Destrier
itm_warhorse_pol_a_pl|Polish Destrier
itm_warhorse_pol_b|Polish Destrier
itm_warhorse_pol_b_pl|Polish Destrier
itm_warhorse_pol_c|Polish Destrier
itm_warhorse_pol_c_pl|Polish Destrier
itm_warhorse_pol_d|Polish Destrier
itm_warhorse_pol_d_pl|Polish Destrier
itm_warhorse_pol_e|Polish Destrier
itm_warhorse_pol_e_pl|Polish Destrier
itm_warhorse_pol_g|Polish Destrier
itm_warhorse_pol_g_pl|Polish Destrier
itm_warhorse_swidnica|Polish Destrier
itm_warhorse_swidnica_pl|Polish Destrier
itm_teu_warhorse_c|Teutonic Destrier
itm_teu_warhorse_c_pl|Teutonic Destrier
itm_teu_warhorse_b|Teutonic Destrier
itm_teu_warhorse_b_pl|Teutonic Destrier
itm_teu_warhorse_a|Teutonic Destrier
itm_teu_warhorse_a_pl|Teutonic Destrier
itm_mon_lamellar_horse_a|Lamellar Destrier
itm_mon_lamellar_horse_a_pl|Lamellar Destrier
itm_mon_lamellar_horse_b|Lamellar Destrier
itm_mon_lamellar_horse_b_pl|Lamellar Destrier
itm_mon_lamellar_horse_c|Lamellar Destrier
itm_mon_lamellar_horse_c_pl|Lamellar Destrier
itm_kau_montcada_horse|Montcada Destrier
itm_kau_montcada_horse_pl|Montcada Destrier
itm_kau_alego_horse|Alego Destrier
itm_kau_alego_horse_pl|Alego Destrier
itm_kau_cervello_horse|Cervello Destrier
itm_kau_cervello_horse_pl|Cervello Destrier
itm_kau_cruilles_horse|Cruilles Destrier
itm_kau_cruilles_horse_pl|Cruilles Destrier
itm_kau_epyres_horse|Epyres Destrier
itm_kau_epyres_horse_pl|Epyres Destrier
itm_kau_luna_horse|Luna Destrier
itm_kau_luna_horse_pl|Luna Destrier
itm_kau_reino_horse|Reino Destrier
itm_kau_reino_horse_pl|Reino Destrier
itm_kau_urgell_horse|Urgell Destrier
itm_kau_urgell_horse_pl|Urgell Destrier
itm_templar_warhorse_a|Caparisoned Destrier
itm_templar_warhorse_a_pl|Caparisoned Destrier
itm_hospitaller_warhorse_a|Caparisoned Destrier
itm_hospitaller_warhorse_a_pl|Caparisoned Destrier
itm_hospitaller_warhorse_b|Caparisoned Destrier
itm_hospitaller_warhorse_b_pl|Caparisoned Destrier
itm_warhorse_sarranid|Lamellar War Horse
itm_warhorse_sarranid_pl|Lamellar War Horse
itm_warhorse_steppe|Lamellar War Horse
itm_warhorse_steppe_pl|Lamellar War Horse
itm_byz_warhorse|Lamellar War Horse
itm_byz_warhorse_pl|Lamellar War Horse
itm_jerusalem_horse|Caparisoned Destrier
itm_jerusalem_horse_pl|Caparisoned Destrier
itm_tripoli_horse|Caparisoned Destrier
itm_tripoli_horse_pl|Caparisoned Destrier
itm_portugal_horse|Caparisoned Destrier
itm_portugal_horse_pl|Caparisoned Destrier
itm_castile_horse|Caparisoned Destrier
itm_castile_horse_pl|Caparisoned Destrier
itm_arrows|Arrows
itm_arrows_pl|Arrows
itm_khergit_arrows|Mongol Arrows
itm_khergit_arrows_pl|Mongol Arrows
itm_barbed_arrows|Barbed Arrows
itm_barbed_arrows_pl|Barbed Arrows
itm_bodkin_arrows|Bodkin Arrows
itm_bodkin_arrows_pl|Bodkin Arrows
itm_bolts|Bolts
itm_bolts_pl|Bolts
itm_steel_bolts|Steel Bolts
itm_steel_bolts_pl|Steel Bolts
itm_cartridges|Cartridges
itm_cartridges_pl|Cartridges
itm_pilgrim_disguise|Pilgrim Disguise
itm_pilgrim_disguise_pl|Pilgrim Disguise
itm_pilgrim_hood|Pilgrim Hood
itm_pilgrim_hood_pl|Pilgrim Hood
itm_leather_gloves|Leather Gloves
itm_leather_gloves_pl|Leather Gloves
itm_mail_mittens|Mail Mittens
itm_mail_mittens_pl|Mail Mittens
itm_scale_gauntlets|Scale Gauntlets
itm_scale_gauntlets_pl|Scale Gauntlets
itm_lamellar_gauntlets|Lamellar Gauntlets
itm_lamellar_gauntlets_pl|Lamellar Gauntlets
itm_wrapping_boots|Wrapping Boots
itm_wrapping_boots_pl|Wrapping Boots
itm_woolen_hose|Woolen Hose
itm_woolen_hose_pl|Woolen Hose
itm_blue_hose|Blue Hose
itm_blue_hose_pl|Blue Hose
itm_hunter_boots|Hunter Boots
itm_hunter_boots_pl|Hunter Boots
itm_hide_boots|Hide Boots
itm_hide_boots_pl|Hide Boots
itm_ankle_boots|Ankle Boots
itm_ankle_boots_pl|Ankle Boots
itm_nomad_boots|Nomad Boots
itm_nomad_boots_pl|Nomad Boots
itm_leather_boots|Leather Boots
itm_leather_boots_pl|Leather Boots
itm_splinted_leather_greaves|Splinted Leather Greaves
itm_splinted_leather_greaves_pl|Splinted Leather Greaves
itm_mail_chausses|Mail Chausses
itm_mail_chausses_pl|Mail Chausses
itm_splinted_greaves|Splinted Greaves
itm_splinted_greaves_pl|Splinted Greaves
itm_mail_boots|Mail Boots
itm_mail_boots_pl|Mail Boots
itm_khergit_leather_boots|Mongol Leather Boots
itm_khergit_leather_boots_pl|Mongol Leather Boots
itm_sarranid_boots_a|Saracen Shoes
itm_sarranid_boots_a_pl|Saracen Shoes
itm_sarranid_boots_b|Saracen Leather Boots
itm_sarranid_boots_b_pl|Saracen Leather Boots
itm_sarranid_boots_c|Plated Boots
itm_sarranid_boots_c_pl|Plated Boots
itm_sarranid_boots_d|Saracen Mail Boots
itm_sarranid_boots_d_pl|Saracen Mail Boots
itm_raf_mail_chausses|Mail Chausses
itm_raf_mail_chausses_pl|Mail Chausses
itm_kau_mail_boots_dark|Mail Boots
itm_kau_mail_boots_dark_pl|Mail Boots
itm_kau_mail_boots|Mail Boots
itm_kau_mail_boots_pl|Mail Boots
itm_rus_boots_a|Rus' Boots
itm_rus_boots_a_pl|Rus' Boots
itm_rus_boots_b|Rus' Boots
itm_rus_boots_b_pl|Rus' Boots
itm_mamluke_boots|Mameluke Boots
itm_mamluke_boots_pl|Mameluke Boots
itm_cuman_boots|Cuman Boots
itm_cuman_boots_pl|Cuman Boots
itm_byz_lord_boots|Byzantine Boots
itm_byz_lord_boots_pl|Byzantine Boots
itm_peasant_boots_a|Shoes
itm_peasant_boots_a_pl|Shoes
itm_peasant_boots_b|Shoes
itm_peasant_boots_b_pl|Shoes
itm_lapcie|Eastern Wrapping Shoes
itm_lapcie_pl|Eastern Wrapping Shoes
itm_byz_boots_c|Byzantine Leather Boots
itm_byz_boots_c_pl|Byzantine Leather Boots
itm_byz_cavalry_boots|Byzantine Leather Boots
itm_byz_cavalry_boots_pl|Byzantine Leather Boots
itm_byz_boots_a|Byzantine Leather Boots
itm_byz_boots_a_pl|Byzantine Leather Boots
itm_byz_boots_b|Byzantine Leather Boots
itm_byz_boots_b_pl|Byzantine Leather Boots
itm_red_dress|Red Dress
itm_red_dress_pl|Red Dress
itm_brown_dress|Brown Dress
itm_brown_dress_pl|Brown Dress
itm_green_dress|Green Dress
itm_green_dress_pl|Green Dress
itm_khergit_lady_dress|Mongol Lady Dress
itm_khergit_lady_dress_pl|Mongol Lady Dress
itm_khergit_lady_dress_b|Mongol Leather Lady Dress
itm_khergit_lady_dress_b_pl|Mongol Leather Lady Dress
itm_sarranid_lady_dress|Saracen Lady Dress
itm_sarranid_lady_dress_pl|Saracen Lady Dress
itm_sarranid_lady_dress_b|Saracen Lady Dress
itm_sarranid_lady_dress_b_pl|Saracen Lady Dress
itm_sarranid_common_dress|Saracen Dress
itm_sarranid_common_dress_pl|Saracen Dress
itm_sarranid_common_dress_b|Saracen Dress
itm_sarranid_common_dress_b_pl|Saracen Dress
itm_courtly_outfit|Courtly Outfit
itm_courtly_outfit_pl|Courtly Outfit
itm_nobleman_outfit|Nobleman Outfit
itm_nobleman_outfit_pl|Nobleman Outfit
itm_nomad_armor|Nomad Armor
itm_nomad_armor_pl|Nomad Armor
itm_khergit_armor|Mongol Armor
itm_khergit_armor_pl|Mongol Armor
itm_leather_jacket|Leather Jacket
itm_leather_jacket_pl|Leather Jacket
itm_rawhide_coat|Rawhide Coat
itm_rawhide_coat_pl|Rawhide Coat
itm_leather_armor|Leather Armor
itm_leather_armor_pl|Leather Armor
itm_fur_coat|Fur Coat
itm_fur_coat_pl|Fur Coat
itm_merchant_outfit|Merchant Outfit
itm_merchant_outfit_pl|Merchant Outfit
itm_blue_dress|Blue Dress
itm_blue_dress_pl|Blue Dress
itm_peasant_dress|Peasant Dress
itm_peasant_dress_pl|Peasant Dress
itm_linen_tunic|Linen Tunic
itm_linen_tunic_pl|Linen Tunic
itm_short_tunic|Red Tunic
itm_short_tunic_pl|Red Tunic
itm_red_shirt|Red Shirt
itm_red_shirt_pl|Red Shirt
itm_robe|Robe
itm_robe_pl|Robe
itm_coarse_tunic|Tunic with vest
itm_coarse_tunic_pl|Tunic with vest
itm_leather_vest|Leather Vest
itm_leather_vest_pl|Leather Vest
itm_steppe_armor|Steppe Armor
itm_steppe_armor_pl|Steppe Armor
itm_gambeson_a|Gambeson
itm_gambeson_a_pl|Gambeson
itm_gambeson_b|Gambeson
itm_gambeson_b_pl|Gambeson
itm_gambeson_c|Gambeson
itm_gambeson_c_pl|Gambeson
itm_gambeson_d|Gambeson
itm_gambeson_d_pl|Gambeson
itm_padded_cloth|Aketon
itm_padded_cloth_pl|Aketon
itm_aketon_green|Padded Cloth
itm_aketon_green_pl|Padded Cloth
itm_leather_jerkin|Leather Jerkin
itm_leather_jerkin_pl|Leather Jerkin
itm_nomad_vest|Nomad Vest
itm_nomad_vest_pl|Nomad Vest
itm_ragged_outfit|Ragged Outfit
itm_ragged_outfit_pl|Ragged Outfit
itm_tribal_warrior_outfit|Tribal Warrior Outfit
itm_tribal_warrior_outfit_pl|Tribal Warrior Outfit
itm_haubergeon|Haubergeon
itm_haubergeon_pl|Haubergeon
itm_lamellar_vest|Lamellar Vest
itm_lamellar_vest_pl|Lamellar Vest
itm_lamellar_vest_khergit|Mongol Lamellar Vest
itm_lamellar_vest_khergit_pl|Mongol Lamellar Vest
itm_mail_with_surcoat|Mail with Surcoat
itm_mail_with_surcoat_pl|Mail with Surcoat
itm_surcoat_over_mail|Surcoat over Mail
itm_surcoat_over_mail_pl|Surcoat over Mail
itm_coat_of_plates|Coat of Plates
itm_coat_of_plates_pl|Coat of Plates
itm_coat_of_plates_red|Coat of Plates
itm_coat_of_plates_red_pl|Coat of Plates
itm_pelt_coat|Pelt Coat
itm_pelt_coat_pl|Pelt Coat
itm_bishop_cop|Coat of Plates
itm_bishop_cop_pl|Coat of Plates
itm_sarranid_cloth_robe|Worn Robe
itm_sarranid_cloth_robe_pl|Worn Robe
itm_sarranid_cloth_robe_b|Worn Robe
itm_sarranid_cloth_robe_b_pl|Worn Robe
itm_skirmisher_armor|Skirmisher Armor
itm_skirmisher_armor_pl|Skirmisher Armor
itm_archers_vest|Archer's Padded Vest
itm_archers_vest_pl|Archer's Padded Vest
itm_sarranid_leather_armor|Saracen Padded Kaftan
itm_sarranid_leather_armor_pl|Saracen Padded Kaftan
itm_sarranid_cavalry_robe|Cavalry Robe
itm_sarranid_cavalry_robe_pl|Cavalry Robe
itm_arabian_armor_b|Saracen Guard Armor
itm_arabian_armor_b_pl|Saracen Guard Armor
itm_sarranid_mail_shirt|Saracen Mail Shirt
itm_sarranid_mail_shirt_pl|Saracen Mail Shirt
itm_mamluke_mail|Mamluke Mail
itm_mamluke_mail_pl|Mamluke Mail
itm_veteran_surcoat_a|Surcoat over Mail
itm_veteran_surcoat_a_pl|Surcoat over Mail
itm_veteran_surcoat_b|Surcoat over Mail
itm_veteran_surcoat_b_pl|Surcoat over Mail
itm_veteran_surcoat_c|Surcoat over Mail
itm_veteran_surcoat_c_pl|Surcoat over Mail
itm_veteran_surcoat_d|Surcoat over Mail
itm_veteran_surcoat_d_pl|Surcoat over Mail
itm_veteran_surcoat_e|Surcoat over Mail
itm_veteran_surcoat_e_pl|Surcoat over Mail
itm_arena_outfit_a|Surcoat over Mail
itm_arena_outfit_a_pl|Surcoat over Mail
itm_arena_outfit_b|Surcoat over Mail
itm_arena_outfit_b_pl|Surcoat over Mail
itm_arena_outfit_c|Surcoat over Mail
itm_arena_outfit_c_pl|Surcoat over Mail
itm_arena_outfit_d|Surcoat over Mail
itm_arena_outfit_d_pl|Surcoat over Mail
itm_kau_aragon_knight|Aragonian Mail
itm_kau_aragon_knight_pl|Aragonian Mail
itm_kau_aragon_a|Aragonian Mail
itm_kau_aragon_a_pl|Aragonian Mail
itm_kau_aragon_b|Aragonian Mail
itm_kau_aragon_b_pl|Aragonian Mail
itm_kau_aragon_c|Aragonian Mail
itm_kau_aragon_c_pl|Aragonian Mail
itm_kau_montcada_surcoat|Montcada Surcoat
itm_kau_montcada_surcoat_pl|Montcada Surcoat
itm_kau_alego_surcoat|Alego Surcoat
itm_kau_alego_surcoat_pl|Alego Surcoat
itm_kau_cervello_surcoat|Cervello Surcoat
itm_kau_cervello_surcoat_pl|Cervello Surcoat
itm_kau_cruilles_surcoat|Cruilles Surcoat
itm_kau_cruilles_surcoat_pl|Cruilles Surcoat
itm_kau_entenca_surcoat|Entensa Surcoat
itm_kau_entenca_surcoat_pl|Entensa Surcoat
itm_kau_epyres_surcoat|Epyres Surcoat
itm_kau_epyres_surcoat_pl|Epyres Surcoat
itm_kau_luna_surcoat|Luna Surcoat
itm_kau_luna_surcoat_pl|Luna Surcoat
itm_kau_pons_surcoat|Pons Surcoat
itm_kau_pons_surcoat_pl|Pons Surcoat
itm_kau_urgell_surcoat|Urgell Surcoat
itm_kau_urgell_surcoat_pl|Urgell Surcoat
itm_kau_castile_knight|Crown of Castile Mail
itm_kau_castile_knight_pl|Crown of Castile Mail
itm_kau_castile_a|Crown of Castile Mail
itm_kau_castile_a_pl|Crown of Castile Mail
itm_kau_castile_b|Crown of Castile Mail
itm_kau_castile_b_pl|Crown of Castile Mail
itm_kau_castile_c|Crown of Castile Mail
itm_kau_castile_c_pl|Crown of Castile Mail
itm_kau_santiago|Santiago Mail
itm_kau_santiago_pl|Santiago Mail
itm_kau_portugal_a|Portugese Mail
itm_kau_portugal_a_pl|Portugese Mail
itm_kau_portugal_b|Portugese Mail
itm_kau_portugal_b_pl|Portugese Mail
itm_kau_portugal_c|Portugese Mail
itm_kau_portugal_c_pl|Portugese Mail
itm_kau_portugal_d|Portugese Mail
itm_kau_portugal_d_pl|Portugese Mail
itm_kau_papal|Papal Surcoat over Mail
itm_kau_papal_pl|Papal Surcoat over Mail
itm_kau_sicily_a|Sicilian Mail
itm_kau_sicily_a_pl|Sicilian Mail
itm_kau_sicily_b|Sicilian Mail
itm_kau_sicily_b_pl|Sicilian Mail
itm_kau_antioch|Antioch Mail
itm_kau_antioch_pl|Antioch Mail
itm_kau_cyprus|Cyprus Mail
itm_kau_cyprus_pl|Cyprus Mail
itm_kau_antioch|Antioch Mail
itm_kau_antioch_pl|Antioch Mail
itm_kau_jerusalem|Jerusalem Mail
itm_kau_jerusalem_pl|Jerusalem Mail
itm_kau_latin_a|Latin Empire Mail
itm_kau_latin_a_pl|Latin Empire Mail
itm_kau_latin_b|Latin Empire Mail
itm_kau_latin_b_pl|Latin Empire Mail
itm_kau_athens|Latin Empire Mail
itm_kau_athens_pl|Latin Empire Mail
itm_kau_courtenay|Latin Empire Mail
itm_kau_courtenay_pl|Latin Empire Mail
itm_rnd_surcoat_01|Knightly Plated Surcoat with Mail
itm_rnd_surcoat_01_pl|Knightly Plated Surcoat with Mail
itm_rnd_surcoat_02|Knightly Plated Surcoat with Mail
itm_rnd_surcoat_02_pl|Knightly Plated Surcoat with Mail
itm_rnd_surcoat_03|Knightly Plated Surcoat with Mail
itm_rnd_surcoat_03_pl|Knightly Plated Surcoat with Mail
itm_rnd_surcoat_04|Knightly Plated Surcoat with Mail
itm_rnd_surcoat_04_pl|Knightly Plated Surcoat with Mail
itm_rnd_surcoat_05|Knightly Plated Surcoat with Mail
itm_rnd_surcoat_05_pl|Knightly Plated Surcoat with Mail
itm_rnd_surcoat_06|Knightly Plated Surcoat with Mail
itm_rnd_surcoat_06_pl|Knightly Plated Surcoat with Mail
itm_rnd_surcoat_07|Knightly Plated Surcoat with Mail
itm_rnd_surcoat_07_pl|Knightly Plated Surcoat with Mail
itm_rnd_surcoat_08|Knightly Plated Surcoat with Mail
itm_rnd_surcoat_08_pl|Knightly Plated Surcoat with Mail
itm_rnd_surcoat_09|Knightly Plated Surcoat with Mail
itm_rnd_surcoat_09_pl|Knightly Plated Surcoat with Mail
itm_rnd_surcoat_10|Knightly Plated Surcoat with Mail
itm_rnd_surcoat_10_pl|Knightly Plated Surcoat with Mail
itm_rnd_surcoat_11|Knightly Plated Surcoat with Mail
itm_rnd_surcoat_11_pl|Knightly Plated Surcoat with Mail
itm_rnd_surcoat_12|Knightly Plated Surcoat with Mail
itm_rnd_surcoat_12_pl|Knightly Plated Surcoat with Mail
itm_rnd_surcoat_13|Knightly Plated Surcoat with Mail
itm_rnd_surcoat_13_pl|Knightly Plated Surcoat with Mail
itm_rnd_surcoat_14|Knightly Plated Surcoat with Mail
itm_rnd_surcoat_14_pl|Knightly Plated Surcoat with Mail
itm_rnd_surcoat_15|Knightly Plated Surcoat with Mail
itm_rnd_surcoat_15_pl|Knightly Plated Surcoat with Mail
itm_rnd_surcoat_16|Knightly Plated Surcoat with Mail
itm_rnd_surcoat_16_pl|Knightly Plated Surcoat with Mail
itm_rnd_surcoat_17|Knightly Plated Surcoat with Mail
itm_rnd_surcoat_17_pl|Knightly Plated Surcoat with Mail
itm_rnd_surcoat_18|Knightly Plated Surcoat with Mail
itm_rnd_surcoat_18_pl|Knightly Plated Surcoat with Mail
itm_rnd_surcoat_19|Knightly Plated Surcoat with Mail
itm_rnd_surcoat_19_pl|Knightly Plated Surcoat with Mail
itm_rnd_surcoat_20|Knightly Plated Surcoat with Mail
itm_rnd_surcoat_20_pl|Knightly Plated Surcoat with Mail
itm_rnd_surcoat_21|Knightly Plated Surcoat with Mail
itm_rnd_surcoat_21_pl|Knightly Plated Surcoat with Mail
itm_rnd_surcoat_22|Knightly Plated Surcoat with Mail
itm_rnd_surcoat_22_pl|Knightly Plated Surcoat with Mail
itm_rnd_surcoat_23|Knightly Plated Surcoat with Mail
itm_rnd_surcoat_23_pl|Knightly Plated Surcoat with Mail
itm_surcoat_denmark_a|Plated Surcoat over Mail
itm_surcoat_denmark_a_pl|Plated Surcoat over Mail
itm_surcoat_england_a|Plated Surcoat over Mail
itm_surcoat_england_a_pl|Plated Surcoat over Mail
itm_surcoat_devalence|Plated Surcoat over Mail
itm_surcoat_devalence_pl|Plated Surcoat over Mail
itm_surcoat_demontfort|Plated Surcoat over Mail
itm_surcoat_demontfort_pl|Plated Surcoat over Mail
itm_surcoat_mortimer|Plated Surcoat over Mail
itm_surcoat_mortimer_pl|Plated Surcoat over Mail
itm_surcoat_bigod|Plated Surcoat over Mail
itm_surcoat_bigod_pl|Plated Surcoat over Mail
itm_surcoat_dewarenne|Plated Surcoat over Mail
itm_surcoat_dewarenne_pl|Plated Surcoat over Mail
itm_surcoat_france_a|Plated Surcoat over Mail
itm_surcoat_france_a_pl|Plated Surcoat over Mail
itm_surcoat_hre_a|Plated Surcoat over Mail
itm_surcoat_hre_a_pl|Plated Surcoat over Mail
itm_richard_of_cornwall_surcoat_over_mail|Plated Surcoat over Mail
itm_richard_of_cornwall_surcoat_over_mail_pl|Plated Surcoat over Mail
itm_surcoat_bohemia|Plated Surcoat over Mail
itm_surcoat_bohemia_pl|Plated Surcoat over Mail
itm_surcoat_hungary_a|Plated Surcoat over Mail
itm_surcoat_hungary_a_pl|Plated Surcoat over Mail
itm_surcoat_ireland_a|Plated Surcoat over Mail
itm_surcoat_ireland_a_pl|Plated Surcoat over Mail
itm_surcoat_lithuania_a|Scale Armour
itm_surcoat_lithuania_a_pl|Scale Armour
itm_surcoat_lithuania_b|Leather Scale Armour
itm_surcoat_lithuania_b_pl|Leather Scale Armour
itm_surcoat_norway_a|Plated Surcoat over Mail
itm_surcoat_norway_a_pl|Plated Surcoat over Mail
itm_surcoat_novgorod|Novgorod Lamellar Armour
itm_surcoat_novgorod_pl|Novgorod Lamellar Armour
itm_surcoat_scotland_a|Plated Surcoat over Mail
itm_surcoat_scotland_a_pl|Plated Surcoat over Mail
itm_surcoat_sweden_a|Plated Surcoat over Mail
itm_surcoat_sweden_a_pl|Plated Surcoat over Mail
itm_surcoat_kaliskie|Plated Surcoat over Mail
itm_surcoat_kaliskie_pl|Plated Surcoat over Mail
itm_surcoat_poland_a|Plated Surcoat over Mail
itm_surcoat_poland_a_pl|Plated Surcoat over Mail
itm_siemowit_surcoat_over_mail|Plated Surcoat over Mail
itm_siemowit_surcoat_over_mail_pl|Plated Surcoat over Mail
itm_surcoat_gslask|Plated Surcoat over Mail
itm_surcoat_gslask_pl|Plated Surcoat over Mail
itm_surcoat_dslask|Plated Surcoat over Mail
itm_surcoat_dslask_pl|Plated Surcoat over Mail
itm_surcoat_mazowsze|Plated Surcoat over Mail
itm_surcoat_mazowsze_pl|Plated Surcoat over Mail
itm_surcoat_swidnica|Plated Surcoat over Mail
itm_surcoat_swidnica_pl|Plated Surcoat over Mail
itm_surcoat_swietopelk|Plated Surcoat over Mail
itm_surcoat_swietopelk_pl|Plated Surcoat over Mail
itm_surcoat_henry3|Plated Surcoat over Mail
itm_surcoat_henry3_pl|Plated Surcoat over Mail
itm_surcoat_pol_a|Plated Surcoat over Mail
itm_surcoat_pol_a_pl|Plated Surcoat over Mail
itm_surcoat_pol_b|Plated Surcoat over Mail
itm_surcoat_pol_b_pl|Plated Surcoat over Mail
itm_surcoat_pol_c|Plated Surcoat over Mail
itm_surcoat_pol_c_pl|Plated Surcoat over Mail
itm_surcoat_pol_d|Plated Surcoat over Mail
itm_surcoat_pol_d_pl|Plated Surcoat over Mail
itm_surcoat_pol_e|Plated Surcoat over Mail
itm_surcoat_pol_e_pl|Plated Surcoat over Mail
itm_surcoat_pol_f|Plated Surcoat over Mail
itm_surcoat_pol_f_pl|Plated Surcoat over Mail
itm_surcoat_pol_g|Plated Surcoat over Mail
itm_surcoat_pol_g_pl|Plated Surcoat over Mail
itm_surcoat_czersk|Plated Surcoat over Mail
itm_surcoat_czersk_pl|Plated Surcoat over Mail
itm_surcoat_przemysl2|Plated Surcoat over Mail
itm_surcoat_przemysl2_pl|Plated Surcoat over Mail
itm_teu_hochmeister_surcoat|Plated Mail with Surcoat
itm_teu_hochmeister_surcoat_pl|Plated Mail with Surcoat
itm_teu_hbrother_mail|Mail Hauberk
itm_teu_hbrother_mail_pl|Mail Hauberk
itm_teu_brother_surcoat_a|Teutonic Mail with Surcoat
itm_teu_brother_surcoat_a_pl|Teutonic Mail with Surcoat
itm_teu_brother_surcoat_b|Teutonic Mail with Surcoat
itm_teu_brother_surcoat_b_pl|Teutonic Mail with Surcoat
itm_teu_brother_surcoat_c|Teutonic Mail with Surcoat
itm_teu_brother_surcoat_c_pl|Teutonic Mail with Surcoat
itm_teu_brother_surcoat_d|Teutonic Mail with Surcoat
itm_teu_brother_surcoat_d_pl|Teutonic Mail with Surcoat
itm_teu_brother_surcoat_e|Teutonic Mail with Surcoat
itm_teu_brother_surcoat_e_pl|Teutonic Mail with Surcoat
itm_teu_sariant_mail|Mail with Surcoat
itm_teu_sariant_mail_pl|Mail with Surcoat
itm_teu_sergeant|Mail
itm_teu_sergeant_pl|Mail
itm_liv_sergeant|Mail
itm_liv_sergeant_pl|Mail
itm_teu_postulant_a|Postulant Tunic
itm_teu_postulant_a_pl|Postulant Tunic
itm_teu_monk_surcoat_a|Teutonic Monk Mail with Surcoat
itm_teu_monk_surcoat_a_pl|Teutonic Monk Mail with Surcoat
itm_liv_tunic_a|Livonian Tunic
itm_liv_tunic_a_pl|Livonian Tunic
itm_teu_gambeson|Gambeson
itm_teu_gambeson_pl|Gambeson
itm_teu_coat_of_plates|Coat of Plates
itm_teu_coat_of_plates_pl|Coat of Plates
itm_scale_shirt_a|Scale Shirt
itm_scale_shirt_a_pl|Scale Shirt
itm_kau_padded_mail_a|Padded Mail
itm_kau_padded_mail_a_pl|Padded Mail
itm_kau_mail_a|Mail
itm_kau_mail_a_pl|Mail
itm_kau_mail_b|Maille
itm_kau_mail_b_pl|Maille
itm_kau_haubergeon_a|Haubergeon
itm_kau_haubergeon_a_pl|Haubergeon
itm_kau_mail_shirt_a|Mail Shirt
itm_kau_mail_shirt_a_pl|Mail Shirt
itm_kau_mail_shirt_b|Mail Shirt
itm_kau_mail_shirt_b_pl|Mail Shirt
itm_kau_mail_shirt_c|Mail Shirt
itm_kau_mail_shirt_c_pl|Mail Shirt
itm_kau_mail_shirt_d|Mail Shirt
itm_kau_mail_shirt_d_pl|Mail Shirt
itm_kau_rus_a|Eastern Lamellar Armor
itm_kau_rus_a_pl|Eastern Lamellar Armor
itm_kau_rus_b|Eastern Scale Armor
itm_kau_rus_b_pl|Eastern Scale Armor
itm_kau_rus_d|Eastern Lamellar Armor
itm_kau_rus_d_pl|Eastern Lamellar Armor
itm_kau_rus_scale_a|Eastern Nobleman Scale Armor
itm_kau_rus_scale_a_pl|Eastern Nobleman Scale Armor
itm_kau_rus_noble_b|Eastern Nobleman Lamellar Armor
itm_kau_rus_noble_b_pl|Eastern Nobleman Lamellar Armor
itm_kau_rus_lamellar_vest|Eastern Lamellar Vest
itm_kau_rus_lamellar_vest_pl|Eastern Lamellar Vest
itm_kau_rus_noble_a|Eastern Mail
itm_kau_rus_noble_a_pl|Eastern Mail
itm_kau_rus_c|Eastern Leather Lamellar Armor with Maille
itm_kau_rus_c_pl|Eastern Leather Lamellar Armor with Maille
itm_kau_rus_mail_shirt_a|Mail Shirt
itm_kau_rus_mail_shirt_a_pl|Mail Shirt
itm_kau_rus_mail_shirt_b|Mail Shirt
itm_kau_rus_mail_shirt_b_pl|Mail Shirt
itm_rus_mail_shirt_c|Rus Mail Shirt
itm_rus_mail_shirt_c_pl|Rus Mail Shirt
itm_kau_rus_e|Eastern Leather Armor
itm_kau_rus_e_pl|Eastern Leather Armor
itm_kau_lit_mail|Mail Shirt
itm_kau_lit_mail_pl|Mail Shirt
itm_lit_outfit|Balt Lamellar Vest
itm_lit_outfit_pl|Balt Lamellar Vest
itm_balt_gambeson|Linen Gambeson
itm_balt_gambeson_pl|Linen Gambeson
itm_kau_rus_tunic_a|Rus' Tunic
itm_kau_rus_tunic_a_pl|Rus' Tunic
itm_kau_rus_tunic_b|Rus' Tunic
itm_kau_rus_tunic_b_pl|Rus' Tunic
itm_kau_rus_tunic_c|Rus' Tunic
itm_kau_rus_tunic_c_pl|Rus' Tunic
itm_kau_arab_aketon_blue|Padded Cloth
itm_kau_arab_aketon_blue_pl|Padded Cloth
itm_kau_arab_aketon|Padded Cloth
itm_kau_arab_aketon_pl|Padded Cloth
itm_kau_arab_aketon_red|Padded Cloth
itm_kau_arab_aketon_red_pl|Padded Cloth
itm_kau_arab_aketon_green|Padded Cloth
itm_kau_arab_aketon_green_pl|Padded Cloth
itm_kau_arab_lamellar_vest_a|Lamellar Vest
itm_kau_arab_lamellar_vest_a_pl|Lamellar Vest
itm_kau_arab_lamellar_vest_b|Lamellar Vest
itm_kau_arab_lamellar_vest_b_pl|Lamellar Vest
itm_kau_arab_lamellar_vest_c|Lamellar Vest
itm_kau_arab_lamellar_vest_c_pl|Lamellar Vest
itm_kau_arab_mail_shirt_a|Mail Shirt
itm_kau_arab_mail_shirt_a_pl|Mail Shirt
itm_kau_arab_mail_shirt_b|Mail Shirt
itm_kau_arab_mail_shirt_b_pl|Mail Shirt
itm_kau_arab_mail_shirt_c|Mail Shirt
itm_kau_arab_mail_shirt_c_pl|Mail Shirt
itm_kau_arab_mail_shirt_d|Mail Shirt
itm_kau_arab_mail_shirt_d_pl|Mail Shirt
itm_kau_arab_tunic_a|Saracen Tunic
itm_kau_arab_tunic_a_pl|Saracen Tunic
itm_kau_arab_tunic_b|Saracen Tunic
itm_kau_arab_tunic_b_pl|Saracen Tunic
itm_arab_banded_a|Saracen Banded Armour
itm_arab_banded_a_pl|Saracen Banded Armour
itm_arab_banded_b|Saracen Banded Armour
itm_arab_banded_b_pl|Saracen Banded Armour
itm_arab_banded_c|Saracen Banded Armour
itm_arab_banded_c_pl|Saracen Banded Armour
itm_templar_sarjeant_surcoat|Surcoat over Mail
itm_templar_sarjeant_surcoat_pl|Surcoat over Mail
itm_templar_sarjeant_mail|Mail Hauberk
itm_templar_sarjeant_mail_pl|Mail Hauberk
itm_templar_tunic_a|Postulant Tunic
itm_templar_tunic_a_pl|Postulant Tunic
itm_templar_knight_a|Teutonic Mail with Surcoat
itm_templar_knight_a_pl|Teutonic Mail with Surcoat
itm_templar_knight_b|Teutonic Mail with Surcoat
itm_templar_knight_b_pl|Teutonic Mail with Surcoat
itm_templar_knight_c|Teutonic Mail with Surcoat
itm_templar_knight_c_pl|Teutonic Mail with Surcoat
itm_templar_gambeson_a|Gambeson
itm_templar_gambeson_a_pl|Gambeson
itm_hospitaller_knight_a|Mail with Surcoat
itm_hospitaller_knight_a_pl|Mail with Surcoat
itm_hospitaller_knight_b|Mail with Surcoat
itm_hospitaller_knight_b_pl|Mail with Surcoat
itm_hospitaller_knight_c|Mail with Surcoat
itm_hospitaller_knight_c_pl|Mail with Surcoat
itm_hospitaller_knight_d|Mail with Surcoat
itm_hospitaller_knight_d_pl|Mail with Surcoat
itm_hospitaller_knight_e|Mail with Surcoat
itm_hospitaller_knight_e_pl|Mail with Surcoat
itm_hospitaller_knight_f|Mail with Surcoat
itm_hospitaller_knight_f_pl|Mail with Surcoat
itm_hospitaller_sarjeant_surcoat|Surcoat over Mail
itm_hospitaller_sarjeant_surcoat_pl|Surcoat over Mail
itm_hospitaller_sarjeant_mail|Mail Hauberk
itm_hospitaller_sarjeant_mail_pl|Mail Hauberk
itm_hospitaller_tunic_a|Postulant Tunic
itm_hospitaller_tunic_a_pl|Postulant Tunic
itm_hospitaller_gambeson_a|Gambeson
itm_hospitaller_gambeson_a_pl|Gambeson
itm_hospitaller_knight_a|Mail with Surcoat
itm_hospitaller_knight_a_pl|Mail with Surcoat
itm_hirdman_a|Coat of Plates
itm_hirdman_a_pl|Coat of Plates
itm_arab_mail_a|Mail Shirt
itm_arab_mail_a_pl|Mail Shirt
itm_arab_mail_b|Mail Shirt
itm_arab_mail_b_pl|Mail Shirt
itm_arab_mail_c|Mail Shirt
itm_arab_mail_c_pl|Mail Shirt
itm_arab_mail_d|Mail Shirt
itm_arab_mail_d_pl|Mail Shirt
itm_cuman_shirt_a|Cuman Tunic
itm_cuman_shirt_a_pl|Cuman Tunic
itm_cuman_shirt_b|Cuman Tunic
itm_cuman_shirt_b_pl|Cuman Tunic
itm_cuman_shirt_c|Cuman Tunic
itm_cuman_shirt_c_pl|Cuman Tunic
itm_cuman_shirt_d|Cuman Tunic
itm_cuman_shirt_d_pl|Cuman Tunic
itm_kipchak_shirt_a|Kipchak Tunic
itm_kipchak_shirt_a_pl|Kipchak Tunic
itm_kipchak_shirt_b|Kipchak Tunic
itm_kipchak_shirt_b_pl|Kipchak Tunic
itm_kipchak_mail_a|Kipchak Mail Shirt
itm_kipchak_mail_a_pl|Kipchak Mail Shirt
itm_mongol_warrior_a|Mongol Tunic
itm_mongol_warrior_a_pl|Mongol Tunic
itm_mongol_warrior_b|Mongol Tunic
itm_mongol_warrior_b_pl|Mongol Tunic
itm_mongol_warrior_c|Mongol Leather Vest
itm_mongol_warrior_c_pl|Mongol Leather Vest
itm_mongol_warrior_d|Mongol Leather Vest
itm_mongol_warrior_d_pl|Mongol Leather Vest
itm_mongol_tunic_a|Mongol Tunic
itm_mongol_tunic_a_pl|Mongol Tunic
itm_mongol_tunic_b|Mongol Tunic
itm_mongol_tunic_b_pl|Mongol Tunic
itm_mongol_warrior_ilkhanate|Mongol Mail
itm_mongol_warrior_ilkhanate_pl|Mongol Mail
itm_mamluk_shirt_a|Mail Shirt
itm_mamluk_shirt_a_pl|Mail Shirt
itm_mamluk_shirt_b|Mail Shirt
itm_mamluk_shirt_b_pl|Mail Shirt
itm_mamluk_shirt_c|Mail Shirt
itm_mamluk_shirt_c_pl|Mail Shirt
itm_mamluk_shirt_d|Mail Shirt
itm_mamluk_shirt_d_pl|Mail Shirt
itm_mamluk_shirt_e|Mail Shirt
itm_mamluk_shirt_e_pl|Mail Shirt
itm_mamluk_shirt_f|Mail Shirt
itm_mamluk_shirt_f_pl|Mail Shirt
itm_peasant_tunic_a|Linen Tunic
itm_peasant_tunic_a_pl|Linen Tunic
itm_peasant_b|Linen Tunic
itm_peasant_b_pl|Linen Tunic
itm_peasant_c|Linen Tunic
itm_peasant_c_pl|Linen Tunic
itm_peasant_d|Tunic with Cape
itm_peasant_d_pl|Tunic with Cape
itm_peasant_e|Ragged Cloth
itm_peasant_e_pl|Ragged Cloth
itm_peasant_f|Ragged Cloth
itm_peasant_f_pl|Ragged Cloth
itm_peasant_g|Linen Tunic
itm_peasant_g_pl|Linen Tunic
itm_byz_lord|Byzantine Armour
itm_byz_lord_pl|Byzantine Armour
itm_byz_emperor|Byzantine Armour
itm_byz_emperor_pl|Byzantine Armour
itm_bishop_a|Bishop Mail
itm_bishop_a_pl|Bishop Mail
itm_varangian_a|Varangian Mail Hauberk
itm_varangian_a_pl|Varangian Mail Hauberk
itm_varangian_b|Varangian Lamellar
itm_varangian_b_pl|Varangian Lamellar
itm_varangian_c|Varangian Lamellar
itm_varangian_c_pl|Varangian Lamellar
itm_kau_rus_noble_d|Eastern Nobleman Lamellar Armor
itm_kau_rus_noble_d_pl|Eastern Nobleman Lamellar Armor
itm_balt_lamellar_vest_a|Baltic Lamellar Vest
itm_balt_lamellar_vest_a_pl|Baltic Lamellar Vest
itm_balt_lamellar_vest_b|Baltic Lamellar Vest
itm_balt_lamellar_vest_b_pl|Baltic Lamellar Vest
itm_balt_lamellar_vest_c|Baltic Lamellar Vest
itm_balt_lamellar_vest_c_pl|Baltic Lamellar Vest
itm_byz_mail_a|Byzantine Mail
itm_byz_mail_a_pl|Byzantine Mail
itm_byz_lamellar_a|Byzantine Lamellar Leather Armour
itm_byz_lamellar_a_pl|Byzantine Lamellar Leather Armour
itm_byz_lamellar_b|Byzantine Lamellar Leather Armour
itm_byz_lamellar_b_pl|Byzantine Lamellar Leather Armour
itm_byz_leather_a|Byzantine Leather Armour
itm_byz_leather_a_pl|Byzantine Leather Armour
itm_byz_leather_b|Byzantine Leather Armour
itm_byz_leather_b_pl|Byzantine Leather Armour
itm_byz_padded_leather|Byzantine Padded Leather Armour
itm_byz_padded_leather_pl|Byzantine Padded Leather Armour
itm_byz_scale_armor|Byzantine Scale Armor
itm_byz_scale_armor_pl|Byzantine Scale Armor
itm_byz_cavalry_a|Byzantine Cavalry Armour
itm_byz_cavalry_a_pl|Byzantine Cavalry Armour
itm_byz_cavalry_b|Byzantine Cavalry Armour
itm_byz_cavalry_b_pl|Byzantine Cavalry Armour
itm_byz_mail_b|Byzantine Mail
itm_byz_mail_b_pl|Byzantine Mail
itm_byz_hcavalry_a|Byzantine Heavy Cavalry Armour
itm_byz_hcavalry_a_pl|Byzantine Heavy Cavalry Armour
itm_byz_hcavalry_b|Byzantine Heavy Cavalry Armour
itm_byz_hcavalry_b_pl|Byzantine Heavy Cavalry Armour
itm_byz_hcavalry_c|Byzantine Heavy Cavalry Armour
itm_byz_hcavalry_c_pl|Byzantine Heavy Cavalry Armour
itm_byz_psiloi_a|Linen Tunic
itm_byz_psiloi_a_pl|Linen Tunic
itm_byz_psiloi_b|Linen Tunic
itm_byz_psiloi_b_pl|Linen Tunic
itm_byz_kataphrakt|Cataphract Armour
itm_byz_kataphrakt_pl|Cataphract Armour
itm_kipchak_lamellar_a|Kipchak Mail
itm_kipchak_lamellar_a_pl|Kipchak Mail
itm_kipchak_lamellar_b|Kipchak Lamellar Armor
itm_kipchak_lamellar_b_pl|Kipchak Lamellar Armor
itm_balt_shirt_a|Shirt
itm_balt_shirt_a_pl|Shirt
itm_balt_shirt_b|Shirt
itm_balt_shirt_b_pl|Shirt
itm_balt_fur_coat_a|Fur Coat
itm_balt_fur_coat_a_pl|Fur Coat
itm_balt_fur_coat_b|Fur Coat
itm_balt_fur_coat_b_pl|Fur Coat
itm_mon_lamellar_a|Mongol Lamellar Armor
itm_mon_lamellar_a_pl|Mongol Lamellar Armor
itm_mon_lamellar_b|Mongol Lamellar Armor
itm_mon_lamellar_b_pl|Mongol Lamellar Armor
itm_byz_footman_a|Byzantine Padded Cloth
itm_byz_footman_a_pl|Byzantine Padded Cloth
itm_byz_footman_b|Byzantine Padded Cloth
itm_byz_footman_b_pl|Byzantine Padded Cloth
itm_byz_footman_c|Byzantine Padded Cloth
itm_byz_footman_c_pl|Byzantine Padded Cloth
itm_byz_swordsman|Byzantine Scoutati Armour
itm_byz_swordsman_pl|Byzantine Scoutati Armour
itm_byz_guard_a|Byzantine Guard Armour
itm_byz_guard_a_pl|Byzantine Guard Armour
itm_byz_guard_b|Byzantine Guard Armour
itm_byz_guard_b_pl|Byzantine Guard Armour
itm_kau_arab_nobleman|Saracen Noble Armour
itm_kau_arab_nobleman_pl|Saracen Noble Armour
itm_almogavar_a|Pelt Coat
itm_almogavar_a_pl|Pelt Coat
itm_almogavar_b|Pelt Coat
itm_almogavar_b_pl|Pelt Coat
itm_almogavar_c|Pelt Coat
itm_almogavar_c_pl|Pelt Coat
itm_burlap_tunic|Burlap Tunic
itm_burlap_tunic_pl|Burlap Tunic
itm_heraldic_mail_with_surcoat|Heraldic Mail with Surcoat
itm_heraldic_mail_with_surcoat_pl|Heraldic Mail with Surcoat
itm_heraldic_mail_with_tunic|Heraldic Mail
itm_heraldic_mail_with_tunic_pl|Heraldic Mail
itm_heraldic_mail_with_tunic_b|Heraldic Mail
itm_heraldic_mail_with_tunic_b_pl|Heraldic Mail
itm_heraldic_mail_with_tabard|Heraldic Mail with Tabard
itm_heraldic_mail_with_tabard_pl|Heraldic Mail with Tabard
itm_sarranid_head_cloth|Lady Head Cloth
itm_sarranid_head_cloth_pl|Lady Head Cloth
itm_sarranid_head_cloth_b|Lady Head Cloth
itm_sarranid_head_cloth_b_pl|Lady Head Cloth
itm_sarranid_felt_head_cloth|Head Cloth
itm_sarranid_felt_head_cloth_pl|Head Cloth
itm_sarranid_felt_head_cloth_b|Head Cloth
itm_sarranid_felt_head_cloth_b_pl|Head Cloth
itm_turret_hat_green|Barbette
itm_turret_hat_green_pl|Barbette
itm_head_wrappings|Head Wrapping
itm_head_wrappings_pl|Head Wrapping
itm_wimple_a|Wimple
itm_wimple_a_pl|Wimple
itm_wimple_with_veil|Wimple with Veil
itm_wimple_with_veil_pl|Wimple with Veil
itm_straw_hat|Straw Hat
itm_straw_hat_pl|Straw Hat
itm_common_hood|Hood
itm_common_hood_pl|Hood
itm_headcloth|Headcloth
itm_headcloth_pl|Headcloth
itm_arming_cap|Arming Cap
itm_arming_cap_pl|Arming Cap
itm_fur_hat|Fur Hat
itm_fur_hat_pl|Fur Hat
itm_nomad_cap|Nomad Cap
itm_nomad_cap_pl|Nomad Cap
itm_nomad_cap_b|Nomad Cap
itm_nomad_cap_b_pl|Nomad Cap
itm_steppe_cap|Steppe Cap
itm_steppe_cap_pl|Steppe Cap
itm_padded_coif|Padded Coif
itm_padded_coif_pl|Padded Coif
itm_woolen_cap|Woolen Cap
itm_woolen_cap_pl|Woolen Cap
itm_felt_hat|Felt Hat
itm_felt_hat_pl|Felt Hat
itm_felt_hat_b|Felt Hat
itm_felt_hat_b_pl|Felt Hat
itm_leather_cap|Leather Cap
itm_leather_cap_pl|Leather Cap
itm_female_hood|Lady's Hood
itm_female_hood_pl|Lady's Hood
itm_leather_steppe_cap_a|Steppe Cap
itm_leather_steppe_cap_a_pl|Steppe Cap
itm_leather_steppe_cap_b|Steppe Cap 
itm_leather_steppe_cap_b_pl|Steppe Cap 
itm_leather_steppe_cap_c|Steppe Cap
itm_leather_steppe_cap_c_pl|Steppe Cap
itm_mail_coif|Mail Coif
itm_mail_coif_pl|Mail Coif
itm_footman_helmet|Footman's Helmet
itm_footman_helmet_pl|Footman's Helmet
itm_norman_helmet|Helmet with Cap
itm_norman_helmet_pl|Helmet with Cap
itm_segmented_helmet|Segmented Helmet
itm_segmented_helmet_pl|Segmented Helmet
itm_helmet_with_neckguard|Helmet with Neckguard
itm_helmet_with_neckguard_pl|Helmet with Neckguard
itm_spiked_helmet|Spiked Helmet
itm_spiked_helmet_pl|Spiked Helmet
itm_khergit_lady_hat|Mongol Lady Hat
itm_khergit_lady_hat_pl|Mongol Lady Hat
itm_khergit_lady_hat_b|Mongol Lady Leather Hat
itm_khergit_lady_hat_b_pl|Mongol Lady Leather Hat
itm_sarranid_felt_hat|Saracen Felt Hat
itm_sarranid_felt_hat_pl|Saracen Felt Hat
itm_turban_a|Turban
itm_turban_a_pl|Turban
itm_turban_b|Turban
itm_turban_b_pl|Turban
itm_turban_c|Turban
itm_turban_c_pl|Turban
itm_arab_mail_coif|Saracen Mail Coif
itm_arab_mail_coif_pl|Saracen Mail Coif
itm_seljuk_helmet|Seljuk Helmet
itm_seljuk_helmet_pl|Seljuk Helmet
itm_arab_helmet_a|Saracen Helmet
itm_arab_helmet_a_pl|Saracen Helmet
itm_arab_helmet_c|Saracen Helmet
itm_arab_helmet_c_pl|Saracen Helmet
itm_sarranid_warrior_cap|Saracen Warrior Cap
itm_sarranid_warrior_cap_pl|Saracen Warrior Cap
itm_sarranid_horseman_helmet|Horseman Helmet
itm_sarranid_horseman_helmet_pl|Horseman Helmet
itm_sarranid_helmet1|Saracen Keffiyeh Helmet
itm_sarranid_helmet1_pl|Saracen Keffiyeh Helmet
itm_sarranid_mail_coif|Saracen Mail Coif
itm_sarranid_mail_coif_pl|Saracen Mail Coif
itm_sarranid_veiled_helmet|Saracen Veiled Helmet
itm_sarranid_veiled_helmet_pl|Saracen Veiled Helmet
itm_vaegir_fur_cap|Cap with Fur
itm_vaegir_fur_cap_pl|Cap with Fur
itm_vaegir_fur_helmet|Rus Helmet
itm_vaegir_fur_helmet_pl|Rus Helmet
itm_vaegir_spiked_helmet|Spiked Cap
itm_vaegir_spiked_helmet_pl|Spiked Cap
itm_vaegir_lamellar_helmet|Helmet with Lamellar Guard
itm_vaegir_lamellar_helmet_pl|Helmet with Lamellar Guard
itm_vaegir_noble_helmet|Rus Nobleman Helmet
itm_vaegir_noble_helmet_pl|Rus Nobleman Helmet
itm_vaegir_war_helmet|Rus War Helmet
itm_vaegir_war_helmet_pl|Rus War Helmet
itm_vaegir_mask|Rus War Mask
itm_vaegir_mask_pl|Rus War Mask
itm_guard_helmet|Guard Helmet
itm_guard_helmet_pl|Guard Helmet
itm_full_helm|Full Helm
itm_full_helm_pl|Full Helm
itm_winged_great_helmet|Winged Great Helmet
itm_winged_great_helmet_pl|Winged Great Helmet
itm_osp_great_helm_a|Great Helm
itm_osp_great_helm_a_pl|Great Helm
itm_osp_great_helm_b|Great Helm
itm_osp_great_helm_b_pl|Great Helm
itm_osp_byzantion_a|Brimmed Helmet
itm_osp_byzantion_a_pl|Brimmed Helmet
itm_vik_norman_helmet_a|Norman Helmet
itm_vik_norman_helmet_a_pl|Norman Helmet
itm_vik_norman_helmet_b|Norman Helmet
itm_vik_norman_helmet_b_pl|Norman Helmet
itm_vik_norman_helmet_c|Norman Helmet
itm_vik_norman_helmet_c_pl|Norman Helmet
itm_vik_norman_helmet_e|Plain Helm
itm_vik_norman_helmet_e_pl|Plain Helm
itm_vik_spangen_a|Spangen Helm
itm_vik_spangen_a_pl|Spangen Helm
itm_vik_spangen_b|Spangen Helm
itm_vik_spangen_b_pl|Spangen Helm
itm_balt_spiked_helmet|Balt Spiked Cap
itm_balt_spiked_helmet_pl|Balt Spiked Cap
itm_balt_footman_helmet|Balt Footman Helmet
itm_balt_footman_helmet_pl|Balt Footman Helmet
itm_balt_helmet_a|Balt Helmet
itm_balt_helmet_a_pl|Balt Helmet
itm_balt_helmet_b|Balt Helmet
itm_balt_helmet_b_pl|Balt Helmet
itm_balt_helmet_c|Balt Helmet
itm_balt_helmet_c_pl|Balt Helmet
itm_pol_helm_05|Great Helm
itm_pol_helm_05_pl|Great Helm
itm_pol_helm_08|Great Helm
itm_pol_helm_08_pl|Great Helm
itm_teu_kettle_hat_a|Kettle Helm
itm_teu_kettle_hat_a_pl|Kettle Helm
itm_teu_kettle_hat_b|Kettle Helm
itm_teu_kettle_hat_b_pl|Kettle Helm
itm_slonim|Slonim
itm_slonim_pl|Slonim
itm_osp_faceplate|Full Helm
itm_osp_faceplate_pl|Full Helm
itm_rnd_helm_01|Winged Great Helmet
itm_rnd_helm_01_pl|Winged Great Helmet
itm_rnd_helm_02|Winged Great Helmet
itm_rnd_helm_02_pl|Winged Great Helmet
itm_rnd_helm_03|Winged Great Helmet
itm_rnd_helm_03_pl|Winged Great Helmet
itm_rnd_helm_04|Great Helm
itm_rnd_helm_04_pl|Great Helm
itm_rnd_helm_05|Great Helm
itm_rnd_helm_05_pl|Great Helm
itm_rnd_helm_06|Great Helm
itm_rnd_helm_06_pl|Great Helm
itm_kau_montcada_helmet|Aragonese Helmet
itm_kau_montcada_helmet_pl|Aragonese Helmet
itm_kau_alego_helmet|Aragonese Helmet
itm_kau_alego_helmet_pl|Aragonese Helmet
itm_kau_cervello_helmet|Aragonese Helmet
itm_kau_cervello_helmet_pl|Aragonese Helmet
itm_kau_cruilles_helmet|Aragonese Helmet
itm_kau_cruilles_helmet_pl|Aragonese Helmet
itm_kau_entenca_helmet|Aragonese Helmet
itm_kau_entenca_helmet_pl|Aragonese Helmet
itm_kau_epyres_helmet|Aragonese Helmet
itm_kau_epyres_helmet_pl|Aragonese Helmet
itm_kau_luna_helmet|Aragonese Helmet
itm_kau_luna_helmet_pl|Aragonese Helmet
itm_kau_pons_helmet|Aragonese Helmet
itm_kau_pons_helmet_pl|Aragonese Helmet
itm_kau_reino_helmet|Aragonese Helmet
itm_kau_reino_helmet_pl|Aragonese Helmet
itm_kau_urgell_helmet|Aragonese Helmet
itm_kau_urgell_helmet_pl|Aragonese Helmet
itm_byz_yoman_a|Byzantine Helmet
itm_byz_yoman_a_pl|Byzantine Helmet
itm_byz_yoman_b|Byzantine Helmet
itm_byz_yoman_b_pl|Byzantine Helmet
itm_byz_yoman_c|Byzantine Helmet
itm_byz_yoman_c_pl|Byzantine Helmet
itm_byz_yoman_d|Byzantine Helmet
itm_byz_yoman_d_pl|Byzantine Helmet
itm_templar_kettlehat_a|Kettle Helm
itm_templar_kettlehat_a_pl|Kettle Helm
itm_hospitaller_kettlehat_a|Kettle Helm
itm_hospitaller_kettlehat_a_pl|Kettle Helm
itm_elm1|Skullcap with Ventail
itm_elm1_pl|Skullcap with Ventail
itm_elm2|Skullcap with Arming Cap
itm_elm2_pl|Skullcap with Arming Cap
itm_elm3|Mail Coif with Noseguard
itm_elm3_pl|Mail Coif with Noseguard
itm_elm5|Aragonese Helmet
itm_elm5_pl|Aragonese Helmet
itm_elm6|Mail Coif with Padding
itm_elm6_pl|Mail Coif with Padding
itm_elm7|Reinforced Mail Coif
itm_elm7_pl|Reinforced Mail Coif
itm_elm8|Skullcap with Ventail
itm_elm8_pl|Skullcap with Ventail
itm_elm9|Phrygian Helm
itm_elm9_pl|Phrygian Helm
itm_elm10|Byzantine Brimmed Helmet
itm_elm10_pl|Byzantine Brimmed Helmet
itm_byz_helmet_a|Byzantine Footman's Helmet
itm_byz_helmet_a_pl|Byzantine Footman's Helmet
itm_leather_warrior_cap|Leather Warrior Cap
itm_leather_warrior_cap_pl|Leather Warrior Cap
itm_skullcap|Skullcap
itm_skullcap_pl|Skullcap
itm_raf_spangen|Spangen Helm
itm_raf_spangen_pl|Spangen Helm
itm_arab_helmet_a|Saracen Helm
itm_arab_helmet_a_pl|Saracen Helm
itm_arab_helmet_b|Saracen Helm
itm_arab_helmet_b_pl|Saracen Helm
itm_arab_helmet_c|Saracen Helm
itm_arab_helmet_c_pl|Saracen Helm
itm_berber_helmet_a|Berber Helm
itm_berber_helmet_a_pl|Berber Helm
itm_maciejowski_helm|Great Helm
itm_maciejowski_helm_pl|Great Helm
itm_talak_litchina|Litchina Helmet
itm_talak_litchina_pl|Litchina Helmet
itm_crown_coif|Crown
itm_crown_coif_pl|Crown
itm_aragon_crown|Crown
itm_aragon_crown_pl|Crown
itm_talak_crown_ornate|Ornate Crowned Helm
itm_talak_crown_ornate_pl|Ornate Crowned Helm
itm_cuman_cap_a|Cuman Hat
itm_cuman_cap_a_pl|Cuman Hat
itm_cuman_cap_b|Cuman Hat
itm_cuman_cap_b_pl|Cuman Hat
itm_cuman_cap_c|Cuman Hat
itm_cuman_cap_c_pl|Cuman Hat
itm_maciejowski_kettle_hat_a|Kettle Hat
itm_maciejowski_kettle_hat_a_pl|Kettle Hat
itm_maciejowski_kettle_hat_b|Kettle Hat
itm_maciejowski_kettle_hat_b_pl|Kettle Hat
itm_norman_coif_a|Norman Helmet
itm_norman_coif_a_pl|Norman Helmet
itm_maciejowski_crown|Crowned Great Helm
itm_maciejowski_crown_pl|Crowned Great Helm
itm_crowned_norman|Crowned Norman Helm
itm_crowned_norman_pl|Crowned Norman Helm
itm_norman_coif_b|Norman Helm with Ventail
itm_norman_coif_b_pl|Norman Helm with Ventail
itm_rus_helm_a|Rus Helm with Ventail
itm_rus_helm_a_pl|Rus Helm with Ventail
itm_rus_helmet_b|Rus Helm
itm_rus_helmet_b_pl|Rus Helm
itm_norman_coif_c|Norman Helmet
itm_norman_coif_c_pl|Norman Helmet
itm_norman_coif_d|Norman Helmet
itm_norman_coif_d_pl|Norman Helmet
itm_norman_coif_e|Norman Helmet
itm_norman_coif_e_pl|Norman Helmet
itm_teu_kettle_hat_a_mail|Kettle Helm
itm_teu_kettle_hat_a_mail_pl|Kettle Helm
itm_templar_kettlehat_a_mail|Kettle Helm
itm_templar_kettlehat_a_mail_pl|Kettle Helm
itm_hospitaller_kettlehat_a_mail|Kettle Helm
itm_hospitaller_kettlehat_a_mail_pl|Kettle Helm
itm_kolpak_mail|Cervilliere
itm_kolpak_mail_pl|Cervilliere
itm_mail_coif_b|Decorated Mail Coif
itm_mail_coif_b_pl|Decorated Mail Coif
itm_mail_coif_c|Decorated Mail Coif
itm_mail_coif_c_pl|Decorated Mail Coif
itm_norman_faceplate|Helm with faceplate
itm_norman_faceplate_pl|Helm with faceplate
itm_varangian_helm|Varangian Helmet
itm_varangian_helm_pl|Varangian Helmet
itm_mamluke_helm|Mamluke Helmet
itm_mamluke_helm_pl|Mamluke Helmet
itm_wooden_stick|Wooden Stick
itm_wooden_stick_pl|Wooden Stick
itm_cudgel|Cudgel
itm_cudgel_pl|Cudgel
itm_hammer|Hammer
itm_hammer_pl|Hammer
itm_club|Club
itm_club_pl|Club
itm_winged_mace|Flanged Mace
itm_winged_mace_pl|Flanged Mace
itm_spiked_mace|Spiked Mace
itm_spiked_mace_pl|Spiked Mace
itm_military_hammer|Military Hammer
itm_military_hammer_pl|Military Hammer
itm_maul|Maul
itm_maul_pl|Maul
itm_sledgehammer|Sledgehammer
itm_sledgehammer_pl|Sledgehammer
itm_warhammer|Great Hammer
itm_warhammer_pl|Great Hammer
itm_pickaxe|Pickaxe
itm_pickaxe_pl|Pickaxe
itm_spiked_club|Spiked Club
itm_spiked_club_pl|Spiked Club
itm_fighting_pick|Fighting Pick
itm_fighting_pick_pl|Fighting Pick
itm_military_pick|Military Pick
itm_military_pick_pl|Military Pick
itm_morningstar|Morningstar
itm_morningstar_pl|Morningstar
itm_sickle|Sickle
itm_sickle_pl|Sickle
itm_cleaver|Cleaver
itm_cleaver_pl|Cleaver
itm_knife|Knife
itm_knife_pl|Knife
itm_butchering_knife|Butchering Knife
itm_butchering_knife_pl|Butchering Knife
itm_dagger|Dagger
itm_dagger_pl|Dagger
itm_falchion|Falchion
itm_falchion_pl|Falchion
itm_scimitar|Scimitar
itm_scimitar_pl|Scimitar
itm_scimitar_b|Elite Scimitar
itm_scimitar_b_pl|Elite Scimitar
itm_arabian_sword_a|Saracen Sword
itm_arabian_sword_a_pl|Saracen Sword
itm_arabian_sword_b|Saracen Arming Sword
itm_arabian_sword_b_pl|Saracen Arming Sword
itm_sarranid_cavalry_sword|Saracen Cavalry Sword
itm_sarranid_cavalry_sword_pl|Saracen Cavalry Sword
itm_arabian_sword_d|Saracen Guard Sword
itm_arabian_sword_d_pl|Saracen Guard Sword
itm_andalusian_sword|Andalusian Sword
itm_andalusian_sword_pl|Andalusian Sword
itm_hatchet|Hatchet
itm_hatchet_pl|Hatchet
itm_talak_warhammer|Warhammer
itm_talak_warhammer_pl|Warhammer
itm_talak_bastard_sword|Hand and a Half Sword
itm_talak_bastard_sword_pl|Hand and a Half Sword
itm_talak_mace|Flanged Mace
itm_talak_mace_pl|Flanged Mace
itm_raf_one_handed_axe_a|One Handed Axe
itm_raf_one_handed_axe_a_pl|One Handed Axe
itm_raf_one_handed_axe_b|One Handed Axe
itm_raf_one_handed_axe_b_pl|One Handed Axe
itm_raf_one_handed_axe_c|One Handed Axe
itm_raf_one_handed_axe_c_pl|One Handed Axe
itm_raf_one_handed_axe_d|One Handed Axe
itm_raf_one_handed_axe_d_pl|One Handed Axe
itm_raf_one_handed_axe_e|One Handed Axe
itm_raf_one_handed_axe_e_pl|One Handed Axe
itm_raf_one_handed_axe_f|One Handed Axe
itm_raf_one_handed_axe_f_pl|One Handed Axe
itm_raf_one_handed_axe_g|One Handed Axe
itm_raf_one_handed_axe_g_pl|One Handed Axe
itm_raf_one_handed_axe_h|Bearded Axe
itm_raf_one_handed_axe_h_pl|Bearded Axe
itm_raf_two_handed_axe_a|Two Handed Axe
itm_raf_two_handed_axe_a_pl|Two Handed Axe
itm_raf_two_handed_axe_b|Two Handed Axe
itm_raf_two_handed_axe_b_pl|Two Handed Axe
itm_raf_two_handed_axe_c|Nordic Axe
itm_raf_two_handed_axe_c_pl|Nordic Axe
itm_sarranid_mace_1|Iron Mace
itm_sarranid_mace_1_pl|Iron Mace
itm_sarranid_axe_a|Iron Battle Axe
itm_sarranid_axe_a_pl|Iron Battle Axe
itm_sarranid_axe_b|Iron War Axe
itm_sarranid_axe_b_pl|Iron War Axe
itm_sword_type_xii|Counter Point Series Type XII Sword
itm_sword_type_xii_pl|Counter Point Series Type XII Sword
itm_sword_type_xiia|Counter Point Series Type XIIA Sword
itm_sword_type_xiia_pl|Counter Point Series Type XIIA Sword
itm_sword_type_xiii|Counter Point Series Type XIII Sword
itm_sword_type_xiii_pl|Counter Point Series Type XIII Sword
itm_sword_type_xiiia|Counter Point Series Type XIIIA Sword
itm_sword_type_xiiia_pl|Counter Point Series Type XIIIA Sword
itm_sword_type_xiiib|Counter Point Series Type XIIIB Sword
itm_sword_type_xiiib_pl|Counter Point Series Type XIIIB Sword
itm_sword_type_xiv|Counter Point Series Type XIV Sword
itm_sword_type_xiv_pl|Counter Point Series Type XIV Sword
itm_cp391_sword|Counter Point Series Knightly Sword
itm_cp391_sword_pl|Counter Point Series Knightly Sword
itm_spatha|Spatha
itm_spatha_pl|Spatha
itm_two_handed_cleaver|War Cleaver
itm_two_handed_cleaver_pl|War Cleaver
itm_military_cleaver_b|Soldier's Cleaver
itm_military_cleaver_b_pl|Soldier's Cleaver
itm_military_cleaver_c|Military Cleaver
itm_military_cleaver_c_pl|Military Cleaver
itm_military_sickle_a|Military Sickle
itm_military_sickle_a_pl|Military Sickle
itm_shortened_voulge|Shortened Voulge
itm_shortened_voulge_pl|Shortened Voulge
itm_long_axe|Long Axe
itm_long_axe_pl|Long Axe
itm_long_axe_alt|Long Axe
itm_long_axe_alt_pl|Long Axe
itm_long_axe_b|Long War Axe
itm_long_axe_b_pl|Long War Axe
itm_long_axe_b_alt|Long War Axe
itm_long_axe_b_alt_pl|Long War Axe
itm_bardiche|Bardiche
itm_bardiche_pl|Bardiche
itm_long_bardiche|Long Bardiche
itm_long_bardiche_pl|Long Bardiche
itm_hafted_blade_b|Hafted Blade
itm_hafted_blade_b_pl|Hafted Blade
itm_hafted_blade_a|Hafted Blade
itm_hafted_blade_a_pl|Hafted Blade
itm_shortened_military_scythe|Shortened Military Scythe
itm_shortened_military_scythe_pl|Shortened Military Scythe
itm_sword_viking_1|Nordic Sword
itm_sword_viking_1_pl|Nordic Sword
itm_sword_viking_2|Nordic Sword
itm_sword_viking_2_pl|Nordic Sword
itm_sword_viking_2_small|Nordic Short Sword
itm_sword_viking_2_small_pl|Nordic Short Sword
itm_sword_viking_3|Nordic War Sword
itm_sword_viking_3_pl|Nordic War Sword
itm_sword_viking_3_small|Nordic Short War Sword
itm_sword_viking_3_small_pl|Nordic Short War Sword
itm_sword_khergit_1|Sabre
itm_sword_khergit_1_pl|Sabre
itm_sword_khergit_2|Sabre
itm_sword_khergit_2_pl|Sabre
itm_sword_khergit_3|Sabre
itm_sword_khergit_3_pl|Sabre
itm_sword_khergit_4|Heavy Sabre
itm_sword_khergit_4_pl|Heavy Sabre
itm_mace_1|Spiked Club
itm_mace_1_pl|Spiked Club
itm_mace_2|Knobbed Mace
itm_mace_2_pl|Knobbed Mace
itm_mace_3|Spiked Mace
itm_mace_3_pl|Spiked Mace
itm_mace_4|Winged Mace
itm_mace_4_pl|Winged Mace
itm_club_with_spike_head|Spiked Staff
itm_club_with_spike_head_pl|Spiked Staff
itm_long_spiked_club|Long Spiked Club
itm_long_spiked_club_pl|Long Spiked Club
itm_long_hafted_knobbed_mace|Long Hafted Knobbed Mace
itm_long_hafted_knobbed_mace_pl|Long Hafted Knobbed Mace
itm_long_hafted_spiked_mace|Long Hafted Spiked Mace
itm_long_hafted_spiked_mace_pl|Long Hafted Spiked Mace
itm_studded_club|Studded Club
itm_studded_club_pl|Studded Club
itm_scythe|Scythe
itm_scythe_pl|Scythe
itm_pitch_fork|Pitch Fork
itm_pitch_fork_pl|Pitch Fork
itm_military_fork|Military Fork
itm_military_fork_pl|Military Fork
itm_battle_fork|Battle Fork
itm_battle_fork_pl|Battle Fork
itm_glaive|Glaive
itm_glaive_pl|Glaive
itm_staff|Staff
itm_staff_pl|Staff
itm_quarter_staff|Quarter Staff
itm_quarter_staff_pl|Quarter Staff
itm_iron_staff|Iron Staff
itm_iron_staff_pl|Iron Staff
itm_military_scythe|Military Scythe
itm_military_scythe_pl|Military Scythe
itm_light_lance|Light Lance
itm_light_lance_pl|Light Lance
itm_lance|Lance
itm_lance_pl|Lance
itm_heavy_lance|Heavy Lance
itm_heavy_lance_pl|Heavy Lance
itm_bamboo_spear|Bamboo Spear
itm_bamboo_spear_pl|Bamboo Spear
itm_spear_a|Spear
itm_spear_a_pl|Spear
itm_spear_b|Spear
itm_spear_b_pl|Spear
itm_spear_c|Spear
itm_spear_c_pl|Spear
itm_spear_d|Spear
itm_spear_d_pl|Spear
itm_spear_e|Spear
itm_spear_e_pl|Spear
itm_spear_f|Spear
itm_spear_f_pl|Spear
itm_spear_g|Spear
itm_spear_g_pl|Spear
itm_spear_h|Spear
itm_spear_h_pl|Spear
itm_spear_i|Spear
itm_spear_i_pl|Spear
itm_spear_j|Spear
itm_spear_j_pl|Spear
itm_spear_k|Spear
itm_spear_k_pl|Spear
itm_spear_l|Spear
itm_spear_l_pl|Spear
itm_spear_m|Spear
itm_spear_m_pl|Spear
itm_spear_n|Spear
itm_spear_n_pl|Spear
itm_spear_o|Spear
itm_spear_o_pl|Spear
itm_spear_p|Spear
itm_spear_p_pl|Spear
itm_wooden_shield|Wooden Shield
itm_wooden_shield_pl|Wooden Shield
itm_nordic_shield|Nordic Shield
itm_nordic_shield_pl|Nordic Shield
itm_leather_covered_round_shield|Leather Covered Round Shield
itm_leather_covered_round_shield_pl|Leather Covered Round Shield
itm_hide_covered_round_shield|Hide Covered Round Shield
itm_hide_covered_round_shield_pl|Hide Covered Round Shield
itm_tab_shield_round_a|Old Round Shield
itm_tab_shield_round_a_pl|Old Round Shield
itm_tab_shield_round_b|Plain Round Shield
itm_tab_shield_round_b_pl|Plain Round Shield
itm_tab_shield_round_c|Round Shield
itm_tab_shield_round_c_pl|Round Shield
itm_tab_shield_round_d|Well Made Round Shield
itm_tab_shield_round_d_pl|Well Made Round Shield
itm_tab_shield_round_e|Heavy Round Shield
itm_tab_shield_round_e_pl|Heavy Round Shield
itm_tab_shield_kite_a|Old Kite Shield
itm_tab_shield_kite_a_pl|Old Kite Shield
itm_tab_shield_kite_b|Plain Kite Shield
itm_tab_shield_kite_b_pl|Plain Kite Shield
itm_tab_shield_kite_c|Kite Shield
itm_tab_shield_kite_c_pl|Kite Shield
itm_tab_shield_kite_d|Heavy Kite Shield
itm_tab_shield_kite_d_pl|Heavy Kite Shield
itm_tab_shield_kite_cav_a|Horseman's Kite Shield
itm_tab_shield_kite_cav_a_pl|Horseman's Kite Shield
itm_tab_shield_kite_cav_b|Knightly Kite Shield
itm_tab_shield_kite_cav_b_pl|Knightly Kite Shield
itm_tab_shield_heater_a|Old Heater Shield
itm_tab_shield_heater_a_pl|Old Heater Shield
itm_tab_shield_heater_b|Plain Heater Shield
itm_tab_shield_heater_b_pl|Plain Heater Shield
itm_tab_shield_heater_c|Heater Shield
itm_tab_shield_heater_c_pl|Heater Shield
itm_tab_shield_heater_d|Heavy Heater Shield
itm_tab_shield_heater_d_pl|Heavy Heater Shield
itm_tab_shield_heater_cav_a|Horseman's Heater Shield
itm_tab_shield_heater_cav_a_pl|Horseman's Heater Shield
itm_tab_shield_heater_cav_b|Knightly Heater Shield
itm_tab_shield_heater_cav_b_pl|Knightly Heater Shield
itm_tab_shield_pavise_d|Heavy Board Shield
itm_tab_shield_pavise_d_pl|Heavy Board Shield
itm_tab_shield_small_round_a|Plain Cavalry Shield
itm_tab_shield_small_round_a_pl|Plain Cavalry Shield
itm_tab_shield_small_round_b|Round Cavalry Shield
itm_tab_shield_small_round_b_pl|Round Cavalry Shield
itm_tab_shield_small_round_c|Elite Cavalry Shield
itm_tab_shield_small_round_c_pl|Elite Cavalry Shield
itm_lit_pavise_a_1|Old Lithuanian Shield
itm_lit_pavise_a_1_pl|Old Lithuanian Shield
itm_lit_pavise_b_1|Old Lithuanian Shield
itm_lit_pavise_b_1_pl|Old Lithuanian Shield
itm_lit_pavise_c_1|Old Lithuanian Shield
itm_lit_pavise_c_1_pl|Old Lithuanian Shield
itm_lit_pavise_d_1|Old Lithuanian Shield
itm_lit_pavise_d_1_pl|Old Lithuanian Shield
itm_lit_pavise_e_1|Old Lithuanian Shield
itm_lit_pavise_e_1_pl|Old Lithuanian Shield
itm_lit_pavise_f_1|Old Lithuanian Shield
itm_lit_pavise_f_1_pl|Old Lithuanian Shield
itm_lit_pavise_g_1|Old Lithuanian Shield
itm_lit_pavise_g_1_pl|Old Lithuanian Shield
itm_lit_pavise_h_1|Old Lithuanian Shield
itm_lit_pavise_h_1_pl|Old Lithuanian Shield
itm_lit_pavise_a_2|Plain Lithuanian Shield
itm_lit_pavise_a_2_pl|Plain Lithuanian Shield
itm_lit_pavise_b_2|Plain Lithuanian Shield
itm_lit_pavise_b_2_pl|Plain Lithuanian Shield
itm_lit_pavise_c_2|Plain Lithuanian Shield
itm_lit_pavise_c_2_pl|Plain Lithuanian Shield
itm_lit_pavise_d_2|Plain Lithuanian Shield
itm_lit_pavise_d_2_pl|Plain Lithuanian Shield
itm_lit_pavise_e_2|Plain Lithuanian Shield
itm_lit_pavise_e_2_pl|Plain Lithuanian Shield
itm_lit_pavise_f_2|Plain Lithuanian Shield
itm_lit_pavise_f_2_pl|Plain Lithuanian Shield
itm_lit_pavise_g_2|Plain Lithuanian Shield
itm_lit_pavise_g_2_pl|Plain Lithuanian Shield
itm_lit_pavise_h_2|Plain Lithuanian Shield
itm_lit_pavise_h_2_pl|Plain Lithuanian Shield
itm_lit_pavise_a_3|Lithuanian Shield
itm_lit_pavise_a_3_pl|Lithuanian Shield
itm_lit_pavise_b_3|Lithuanian Shield
itm_lit_pavise_b_3_pl|Lithuanian Shield
itm_lit_pavise_c_3|Lithuanian Shield
itm_lit_pavise_c_3_pl|Lithuanian Shield
itm_lit_pavise_d_3|Lithuanian Shield
itm_lit_pavise_d_3_pl|Lithuanian Shield
itm_lit_pavise_e_3|Lithuanian Shield
itm_lit_pavise_e_3_pl|Lithuanian Shield
itm_lit_pavise_f_3|Lithuanian Shield
itm_lit_pavise_f_3_pl|Lithuanian Shield
itm_lit_pavise_g_3|Lithuanian Shield
itm_lit_pavise_g_3_pl|Lithuanian Shield
itm_lit_pavise_h_3|Lithuanian Shield
itm_lit_pavise_h_3_pl|Lithuanian Shield
itm_lit_pavise_a_4|Heavy Lithuanian Shield
itm_lit_pavise_a_4_pl|Heavy Lithuanian Shield
itm_lit_pavise_b_4|Heavy Lithuanian Shield
itm_lit_pavise_b_4_pl|Heavy Lithuanian Shield
itm_lit_pavise_c_4|Heavy Lithuanian Shield
itm_lit_pavise_c_4_pl|Heavy Lithuanian Shield
itm_lit_pavise_d_4|Heavy Lithuanian Shield
itm_lit_pavise_d_4_pl|Heavy Lithuanian Shield
itm_lit_pavise_e_4|Heavy Lithuanian Shield
itm_lit_pavise_e_4_pl|Heavy Lithuanian Shield
itm_lit_pavise_f_4|Heavy Lithuanian Shield
itm_lit_pavise_f_4_pl|Heavy Lithuanian Shield
itm_lit_pavise_g_4|Heavy Lithuanian Shield
itm_lit_pavise_g_4_pl|Heavy Lithuanian Shield
itm_lit_pavise_h_4|Heavy Lithuanian Shield
itm_lit_pavise_h_4_pl|Heavy Lithuanian Shield
itm_byz_shield|Heavy Byzantine Kite Shield
itm_byz_shield_pl|Heavy Byzantine Kite Shield
itm_arab_shield_a_1|Old Saracen Round Shield
itm_arab_shield_a_1_pl|Old Saracen Round Shield
itm_arab_shield_a_2|Plain Saracen Round Shield
itm_arab_shield_a_2_pl|Plain Saracen Round Shield
itm_arab_shield_a_3|Saracen Round Shield
itm_arab_shield_a_3_pl|Saracen Round Shield
itm_arab_shield_a_4|Saracen Heavy Round Shield
itm_arab_shield_a_4_pl|Saracen Heavy Round Shield
itm_arab_shield_b_1|Old Saracen Round Shield
itm_arab_shield_b_1_pl|Old Saracen Round Shield
itm_arab_shield_b_2|Plain Saracen Round Shield
itm_arab_shield_b_2_pl|Plain Saracen Round Shield
itm_arab_shield_b_3|Saracen Round Shield
itm_arab_shield_b_3_pl|Saracen Round Shield
itm_arab_shield_b_4|Saracen Heavy Round Shield
itm_arab_shield_b_4_pl|Saracen Heavy Round Shield
itm_arab_shield_c_1|Old Saracen Round Shield
itm_arab_shield_c_1_pl|Old Saracen Round Shield
itm_arab_shield_c_2|Plain Saracen Round Shield
itm_arab_shield_c_2_pl|Plain Saracen Round Shield
itm_arab_shield_c_3|Saracen Round Shield
itm_arab_shield_c_3_pl|Saracen Round Shield
itm_arab_shield_c_4|Saracen Heavy Round Shield
itm_arab_shield_c_4_pl|Saracen Heavy Round Shield
itm_arab_shield_d_1|Old Saracen Round Shield
itm_arab_shield_d_1_pl|Old Saracen Round Shield
itm_arab_shield_d_2|Plain Saracen Round Shield
itm_arab_shield_d_2_pl|Plain Saracen Round Shield
itm_arab_shield_d_3|Saracen Round Shield
itm_arab_shield_d_3_pl|Saracen Round Shield
itm_arab_shield_d_4|Saracen Heavy Round Shield
itm_arab_shield_d_4_pl|Saracen Heavy Round Shield
itm_arab_shield_e_1|Old Saracen Round Shield
itm_arab_shield_e_1_pl|Old Saracen Round Shield
itm_arab_shield_e_2|Plain Saracen Round Shield
itm_arab_shield_e_2_pl|Plain Saracen Round Shield
itm_arab_shield_e_3|Saracen Round Shield
itm_arab_shield_e_3_pl|Saracen Round Shield
itm_arab_shield_e_4|Saracen Heavy Round Shield
itm_arab_shield_e_4_pl|Saracen Heavy Round Shield
itm_arab_shield_f_1|Old Saracen Round Shield
itm_arab_shield_f_1_pl|Old Saracen Round Shield
itm_arab_shield_f_2|Plain Saracen Round Shield
itm_arab_shield_f_2_pl|Plain Saracen Round Shield
itm_arab_shield_f_3|Saracen Round Shield
itm_arab_shield_f_3_pl|Saracen Round Shield
itm_arab_shield_f_4|Saracen Heavy Round Shield
itm_arab_shield_f_4_pl|Saracen Heavy Round Shield
itm_arab_shield_g_1|Old Saracen Round Shield
itm_arab_shield_g_1_pl|Old Saracen Round Shield
itm_arab_shield_g_2|Plain Saracen Round Shield
itm_arab_shield_g_2_pl|Plain Saracen Round Shield
itm_arab_shield_g_3|Saracen Round Shield
itm_arab_shield_g_3_pl|Saracen Round Shield
itm_arab_shield_g_4|Saracen Heavy Round Shield
itm_arab_shield_g_4_pl|Saracen Heavy Round Shield
itm_arab_shield_h_1|Old Saracen Round Shield
itm_arab_shield_h_1_pl|Old Saracen Round Shield
itm_arab_shield_h_2|Plain Saracen Round Shield
itm_arab_shield_h_2_pl|Plain Saracen Round Shield
itm_arab_shield_h_3|Saracen Round Shield
itm_arab_shield_h_3_pl|Saracen Round Shield
itm_arab_shield_h_4|Saracen Heavy Round Shield
itm_arab_shield_h_4_pl|Saracen Heavy Round Shield
itm_arab_shield_i_1|Old Saracen Round Shield
itm_arab_shield_i_1_pl|Old Saracen Round Shield
itm_arab_shield_i_2|Plain Saracen Round Shield
itm_arab_shield_i_2_pl|Plain Saracen Round Shield
itm_arab_shield_i_3|Saracen Round Shield
itm_arab_shield_i_3_pl|Saracen Round Shield
itm_arab_shield_i_4|Saracen Heavy Round Shield
itm_arab_shield_i_4_pl|Saracen Heavy Round Shield
itm_cuman_shield_a_1|Old Cuman Round Shield
itm_cuman_shield_a_1_pl|Old Cuman Round Shield
itm_cuman_shield_a_2|Plain Cuman Round Shield
itm_cuman_shield_a_2_pl|Plain Cuman Round Shield
itm_cuman_shield_a_3|Cuman Round Shield
itm_cuman_shield_a_3_pl|Cuman Round Shield
itm_cuman_shield_a_4|Cuman Heavy Round Shield
itm_cuman_shield_a_4_pl|Cuman Heavy Round Shield
itm_cuman_shield_b_1|Old Cuman Round Shield
itm_cuman_shield_b_1_pl|Old Cuman Round Shield
itm_cuman_shield_b_2|Plain Cuman Round Shield
itm_cuman_shield_b_2_pl|Plain Cuman Round Shield
itm_cuman_shield_b_3|Cuman Round Shield
itm_cuman_shield_b_3_pl|Cuman Round Shield
itm_cuman_shield_b_4|Cuman Heavy Round Shield
itm_cuman_shield_b_4_pl|Cuman Heavy Round Shield
itm_cuman_shield_c_1|Old Cuman Round Shield
itm_cuman_shield_c_1_pl|Old Cuman Round Shield
itm_cuman_shield_c_2|Plain Cuman Round Shield
itm_cuman_shield_c_2_pl|Plain Cuman Round Shield
itm_cuman_shield_c_3|Cuman Round Shield
itm_cuman_shield_c_3_pl|Cuman Round Shield
itm_cuman_shield_c_4|Cuman Heavy Round Shield
itm_cuman_shield_c_4_pl|Cuman Heavy Round Shield
itm_talak_buckler|Buckler
itm_talak_buckler_pl|Buckler
itm_jarid|Jarids
itm_jarid_pl|Jarids
itm_darts|Darts
itm_darts_pl|Darts
itm_war_darts|War Darts
itm_war_darts_pl|War Darts
itm_javelin|Javelins
itm_javelin_pl|Javelins
itm_balt_javelin|Balt Javelins
itm_balt_javelin_pl|Balt Javelins
itm_throwing_spears|Throwing Spears
itm_throwing_spears_pl|Throwing Spears
itm_balt_throwing_spears|Throwing Spears
itm_balt_throwing_spears_pl|Throwing Spears
itm_stones|Stones
itm_stones_pl|Stones
itm_throwing_knives|Throwing Knives
itm_throwing_knives_pl|Throwing Knives
itm_throwing_daggers|Throwing Daggers
itm_throwing_daggers_pl|Throwing Daggers
itm_hunting_bow|Hunting Self Bow
itm_hunting_bow_pl|Hunting Self Bow
itm_short_bow|Self Bow
itm_short_bow_pl|Self Bow
itm_nomad_bow|Hun Bow
itm_nomad_bow_pl|Hun Bow
itm_long_bow|Long Bow
itm_long_bow_pl|Long Bow
itm_khergit_bow|Mongol Bow
itm_khergit_bow_pl|Mongol Bow
itm_strong_bow|Composite Bow
itm_strong_bow_pl|Composite Bow
itm_hunting_crossbow|Hunting Crossbow
itm_hunting_crossbow_pl|Hunting Crossbow
itm_light_crossbow|Light Crossbow
itm_light_crossbow_pl|Light Crossbow
itm_crossbow|Crossbow
itm_crossbow_pl|Crossbow
itm_heavy_crossbow|Heavy Crossbow
itm_heavy_crossbow_pl|Heavy Crossbow
itm_sniper_crossbow|Siege Crossbow
itm_sniper_crossbow_pl|Siege Crossbow
itm_torch|Torch
itm_torch_pl|Torch
itm_lyre|Lyre
itm_lyre_pl|Lyre
itm_lute|Lute
itm_lute_pl|Lute
itm_khergit_war_helmet|Mongol War Helmet
itm_khergit_war_helmet_pl|Mongol War Helmet
itm_khergit_guard_boots|Mongol Guard Boots
itm_khergit_guard_boots_pl|Mongol Guard Boots
itm_khergit_guard_helmet|Mongol Guard Helmet
itm_khergit_guard_helmet_pl|Mongol Guard Helmet
itm_khergit_cavalry_helmet|Mongol Cavalry Helmet
itm_khergit_cavalry_helmet_pl|Mongol Cavalry Helmet
itm_tunic_with_green_cape|Tunic with Green Cape
itm_tunic_with_green_cape_pl|Tunic with Green Cape
itm_keys|Ring of Keys
itm_keys_pl|Ring of Keys
itm_bride_dress|Bride Dress
itm_bride_dress_pl|Bride Dress
itm_bride_crown|Crown of Flowers
itm_bride_crown_pl|Crown of Flowers
itm_bride_shoes|Bride Shoes
itm_bride_shoes_pl|Bride Shoes
itm_practice_bow_2|Practice Bow
itm_practice_bow_2_pl|Practice Bow
itm_practice_arrows_2|Practice Arrows
itm_practice_arrows_2_pl|Practice Arrows
itm_mail_boots_for_tableau|Mail Boots
itm_mail_boots_for_tableau_pl|Mail Boots
itm_heraldic_lance|Heraldic Lance
itm_heraldic_lance_pl|Heraldic Lance
itm_almogavar_sword|Almogavar Cleaver
itm_almogavar_sword_pl|Almogavar Cleaver
itm_welsh_archer|Welsh Bowman Tunic
itm_welsh_archer_pl|Welsh Bowman Tunic
itm_armenian_knight_a|Armenian Knight Mail
itm_armenian_knight_a_pl|Armenian Knight Mail
itm_armenian_knight_b|Armenian Knight Mail
itm_armenian_knight_b_pl|Armenian Knight Mail
itm_armenian_knight_c|Armenian Knight Mail
itm_armenian_knight_c_pl|Armenian Knight Mail
itm_archer_a|Tunic with Hood
itm_archer_a_pl|Tunic with Hood
itm_archer_b|Tunic with Hood
itm_archer_b_pl|Tunic with Hood
itm_archer_c|Tunic with Hood
itm_archer_c_pl|Tunic with Hood
itm_surcoat_a|Gambeson
itm_surcoat_a_pl|Gambeson
itm_surcoat_b|Gambeson
itm_surcoat_b_pl|Gambeson
itm_surcoat_c|Gambeson
itm_surcoat_c_pl|Gambeson
itm_surcoat_d|Gambeson
itm_surcoat_d_pl|Gambeson
itm_surcoat_e|Gambeson
itm_surcoat_e_pl|Gambeson
itm_surcoat_f|Mail
itm_surcoat_f_pl|Mail
itm_surcoat_g|Mail
itm_surcoat_g_pl|Mail
itm_teu_hbrother_a|Halbbrudder Surcoat over Mail
itm_teu_hbrother_a_pl|Halbbrudder Surcoat over Mail
itm_teu_hbrother_b|Halbbrudder Surcoat over Mail
itm_teu_hbrother_b_pl|Halbbrudder Surcoat over Mail
itm_flat_kettle_hat|Flattop Kettle Hat
itm_flat_kettle_hat_pl|Flattop Kettle Hat
itm_seljuk_horse|Seljuk Horse
itm_seljuk_horse_pl|Seljuk Horse
itm_seljuk_armour|Seljuk Armour
itm_seljuk_armour_pl|Seljuk Armour
itm_seljuk_lamellar_a|Seljuk Lamellar Vest
itm_seljuk_lamellar_a_pl|Seljuk Lamellar Vest
itm_seljuk_lamellar_b|Seljuk Lamellar Vest
itm_seljuk_lamellar_b_pl|Seljuk Lamellar Vest
itm_andalus_helmet_a|Andalusian Helm
itm_andalus_helmet_a_pl|Andalusian Helm
itm_andalus_infantry_helmet|Andalusian Helm
itm_andalus_infantry_helmet_pl|Andalusian Helm
itm_andalusian_knight|Andalusian Surcoat over Mail
itm_andalusian_knight_pl|Andalusian Surcoat over Mail
itm_gaelic_mail_shirt_a|Gaelic Mail Shirt
itm_gaelic_mail_shirt_a_pl|Gaelic Mail Shirt
itm_targe_1|Targe
itm_targe_1_pl|Targe
itm_highlander_boots_1|Highlander Boots
itm_highlander_boots_1_pl|Highlander Boots
itm_gaelic_byrnie_a|Gaelic Byrnie
itm_gaelic_byrnie_a_pl|Gaelic Byrnie
itm_gaelic_byrnie_b|Gaelic Byrnie
itm_gaelic_byrnie_b_pl|Gaelic Byrnie
itm_genoa_padded_a|Padded Armour
itm_genoa_padded_a_pl|Padded Armour
itm_genoa_padded_b|Padded Armour
itm_genoa_padded_b_pl|Padded Armour
itm_genoa_padded_c|Padded Armour
itm_genoa_padded_c_pl|Padded Armour
itm_genoa_mail_b|Genoese Mail
itm_genoa_mail_b_pl|Genoese Mail
itm_genoa_mail_c|Genoese Mail
itm_genoa_mail_c_pl|Genoese Mail
itm_andalusian_shield_1|Old Andalusian Shield
itm_andalusian_shield_1_pl|Old Andalusian Shield
itm_andalusian_shield_2|Plain Andalusian Shield
itm_andalusian_shield_2_pl|Plain Andalusian Shield
itm_andalusian_shield_3|Andalusian Shield
itm_andalusian_shield_3_pl|Andalusian Shield
itm_andalusian_shield_4|Heavy Andalusian Shield
itm_andalusian_shield_4_pl|Heavy Andalusian Shield
itm_andalusian_helmet_a|Andalusian Helmet
itm_andalusian_helmet_a_pl|Andalusian Helmet
itm_andalusian_helmet_b|Andalusian Helmet
itm_andalusian_helmet_b_pl|Andalusian Helmet
itm_muslim_lance|Heavy Lance
itm_muslim_lance_pl|Heavy Lance
itm_noble_cloak|Nobleman Outfit
itm_noble_cloak_pl|Nobleman Outfit
itm_meghrebi_leather_a|Mehgrebi Leather Armour
itm_meghrebi_leather_a_pl|Mehgrebi Leather Armour
itm_meghrebi_leather_b|Mehgrebi Leather Armour
itm_meghrebi_leather_b_pl|Mehgrebi Leather Armour
itm_meghrebi_leather_c|Mehgrebi Leather Armour
itm_meghrebi_leather_c_pl|Mehgrebi Leather Armour
itm_meghrebi_vest|Mehgrebi Kaftan
itm_meghrebi_vest_pl|Mehgrebi Kaftan
itm_buff_leather|Buff Leather Armour
itm_buff_leather_pl|Buff Leather Armour
itm_black_guard|Black Guard Robe
itm_black_guard_pl|Black Guard Robe
itm_black_guard_helmet|Black Guard Helmet
itm_black_guard_helmet_pl|Black Guard Helmet
itm_gaelic_mail_shirt_b|Gaelic Mail
itm_gaelic_mail_shirt_b_pl|Gaelic Mail
itm_surcoat_gaelic|Gaelic Plated Surcoat over Mail
itm_surcoat_gaelic_pl|Gaelic Plated Surcoat over Mail
itm_almohad_robe_a|Almohad Robe
itm_almohad_robe_a_pl|Almohad Robe
itm_almohad_robe_b|Almohad Robe
itm_almohad_robe_b_pl|Almohad Robe
itm_almohad_robe_c|Almohad Robe
itm_almohad_robe_c_pl|Almohad Robe
itm_almohad_robe_d|Almohad Robe
itm_almohad_robe_d_pl|Almohad Robe
itm_almohad_padded_a|Almohad Padded Armour
itm_almohad_padded_a_pl|Almohad Padded Armour
itm_almohad_padded_b|Almohad Padded Armour
itm_almohad_padded_b_pl|Almohad Padded Armour
itm_almohad_padded_c|Almohad Padded Armour
itm_almohad_padded_c_pl|Almohad Padded Armour
itm_almohad_cavalry_a|Almohad Cavalry Robe
itm_almohad_cavalry_a_pl|Almohad Cavalry Robe
itm_almohad_cavalry_b|Almohad Cavalry Robe
itm_almohad_cavalry_b_pl|Almohad Cavalry Robe
itm_andalusian_archers_vest|Andalusian Robe
itm_andalusian_archers_vest_pl|Andalusian Robe
itm_andalusian_skirmisher_armor|Andalusian Leather Armour
itm_andalusian_skirmisher_armor_pl|Andalusian Leather Armour
itm_arabian_lamellar|Lamellar Vest
itm_arabian_lamellar_pl|Lamellar Vest
itm_horse_d|Courser
itm_horse_d_pl|Courser
itm_arab_nobleman_a|Arabian Nobleman Robe
itm_arab_nobleman_a_pl|Arabian Nobleman Robe
itm_arab_nobleman_b|Arabian Nobleman Robe
itm_arab_nobleman_b_pl|Arabian Nobleman Robe
itm_arab_nobleman_c|Arabian Nobleman Robe
itm_arab_nobleman_c_pl|Arabian Nobleman Robe
itm_andalusian_heavy_a|Andalusian Scale Armour
itm_andalusian_heavy_a_pl|Andalusian Scale Armour
itm_andalusian_heavy_b|Andalusian Scale Armour
itm_andalusian_heavy_b_pl|Andalusian Scale Armour
itm_berber_tunic_a|Berber Robe
itm_berber_tunic_a_pl|Berber Robe
itm_berber_tunic_b|Berber Robe
itm_berber_tunic_b_pl|Berber Robe
itm_berber_tunic_c|Berber Robe
itm_berber_tunic_c_pl|Berber Robe
itm_berber_turban|Berber Turban
itm_berber_turban_pl|Berber Turban
itm_berber_shoes|Berber Shoes
itm_berber_shoes_pl|Berber Shoes
itm_iberian_leather_armour_a|Iberian Leather Armour
itm_iberian_leather_armour_a_pl|Iberian Leather Armour
itm_iberian_leather_armour_b|Iberian Leather Armour
itm_iberian_leather_armour_b_pl|Iberian Leather Armour
itm_iberian_leather_armour_c|Iberian Leather Armour
itm_iberian_leather_armour_c_pl|Iberian Leather Armour
itm_andalusi_horseman_robe|Andalusian Horseman Mail
itm_andalusi_horseman_robe_pl|Andalusian Horseman Mail
itm_galloglass_mail|Gallglach Mail Armour
itm_galloglass_mail_pl|Gallglach Mail Armour
itm_galloglass_padded|Gallglach Padded Armour
itm_galloglass_padded_pl|Gallglach Padded Armour
itm_baltic_sword|Baltic Sword
itm_baltic_sword_pl|Baltic Sword
itm_man_at_arms_a|Cloth over Mail
itm_man_at_arms_a_pl|Cloth over Mail
itm_man_at_arms_b|Cloth over Mail
itm_man_at_arms_b_pl|Cloth over Mail
itm_man_at_arms_c|Cloth over Mail
itm_man_at_arms_c_pl|Cloth over Mail
itm_arab_padded_vest|Saracen Padded Vest
itm_arab_padded_vest_pl|Saracen Padded Vest
itm_arab_archer|Saracen Archer Vest
itm_arab_archer_pl|Saracen Archer Vest
itm_mamluk_infantry_lamellar_a|Mail with Lamellar Vest
itm_mamluk_infantry_lamellar_a_pl|Mail with Lamellar Vest
itm_mamluk_infantry_lamellar_b|Mail with Lamellar Vest
itm_mamluk_infantry_lamellar_b_pl|Mail with Lamellar Vest
itm_targe_2|Targe
itm_targe_2_pl|Targe
itm_targe_3|Targe
itm_targe_3_pl|Targe
itm_targe_4|Targe
itm_targe_4_pl|Targe
itm_targe_5|Targe
itm_targe_5_pl|Targe
itm_targe_6|Targe
itm_targe_6_pl|Targe
itm_balt_lamellar_coat_a|Fur Coat with Lamellar Vest
itm_balt_lamellar_coat_a_pl|Fur Coat with Lamellar Vest
itm_balt_lamellar_coat_b|Fur Coat with Lamellar Vest
itm_balt_lamellar_coat_b_pl|Fur Coat with Lamellar Vest
itm_rus_padded|Eastern Padded Mail
itm_rus_padded_pl|Eastern Padded Mail
itm_baltic_sword_b|Baltic Sword (Brador)
itm_baltic_sword_b_pl|Baltic Sword (Brador)
itm_mongol_helmet_a|Mongol Helmet
itm_mongol_helmet_a_pl|Mongol Helmet
itm_mongol_helmet_b|Mongol Helmet
itm_mongol_helmet_b_pl|Mongol Helmet
itm_mongol_helmet_c|Mongol Helmet
itm_mongol_helmet_c_pl|Mongol Helmet
itm_steppe_helmet|Steppe Helmet
itm_steppe_helmet_pl|Steppe Helmet
itm_priest_cap_1|Cap
itm_priest_cap_1_pl|Cap
itm_priest_cap_2|Cap
itm_priest_cap_2_pl|Cap
itm_priest_robe_1|Priest Robe
itm_priest_robe_1_pl|Priest Robe
itm_priest_robe_2|Priest Robe
itm_priest_robe_2_pl|Priest Robe
itm_priest_robe_3|Priest Robe
itm_priest_robe_3_pl|Priest Robe
itm_surgeon|Surgeon Outfit
itm_surgeon_pl|Surgeon Outfit
itm_priest_1_boots|Sandals
itm_priest_1_boots_pl|Sandals
itm_priest_2_boots|Hose
itm_priest_2_boots_pl|Hose
itm_bishop_great_helm|Bishop Great Helm
itm_bishop_great_helm_pl|Bishop Great Helm
itm_bishop_armour|Bishop Armour
itm_bishop_armour_pl|Bishop Armour
itm_bishop_mitre|Cap
itm_bishop_mitre_pl|Cap
itm_bishop_staff|Bishop Staff
itm_bishop_staff_pl|Bishop Staff
itm_varangian_shield_a|Varangian Shield
itm_varangian_shield_a_pl|Varangian Shield
itm_varangian_shield_b|Varangian Shield
itm_varangian_shield_b_pl|Varangian Shield
itm_varangian_shield_c|Varangian Shield
itm_varangian_shield_c_pl|Varangian Shield
itm_byzantine_sabre|Byzantine Sabre
itm_byzantine_sabre_pl|Byzantine Sabre
itm_byzantine_sword|Byzantine Sword
itm_byzantine_sword_pl|Byzantine Sword
itm_rus_shield_a_4|Almond Shield
itm_rus_shield_a_4_pl|Almond Shield
itm_rus_shield_b_4|Almond Shield
itm_rus_shield_b_4_pl|Almond Shield
itm_rus_shield_c_4|Almond Shield
itm_rus_shield_c_4_pl|Almond Shield
itm_rus_shield_d_4|Almond Shield
itm_rus_shield_d_4_pl|Almond Shield
itm_rus_shield_a_3|Almond Shield
itm_rus_shield_a_3_pl|Almond Shield
itm_rus_shield_b_3|Almond Shield
itm_rus_shield_b_3_pl|Almond Shield
itm_rus_shield_c_3|Almond Shield
itm_rus_shield_c_3_pl|Almond Shield
itm_rus_shield_d_3|Almond Shield
itm_rus_shield_d_3_pl|Almond Shield
itm_rus_shield_a_2|Almond Shield
itm_rus_shield_a_2_pl|Almond Shield
itm_rus_shield_b_2|Almond Shield
itm_rus_shield_b_2_pl|Almond Shield
itm_rus_shield_c_2|Almond Shield
itm_rus_shield_c_2_pl|Almond Shield
itm_rus_shield_d_2|Almond Shield
itm_rus_shield_d_2_pl|Almond Shield
itm_rus_shield_a_1|Almond Shield
itm_rus_shield_a_1_pl|Almond Shield
itm_rus_shield_b_1|Almond Shield
itm_rus_shield_b_1_pl|Almond Shield
itm_rus_shield_c_1|Almond Shield
itm_rus_shield_c_1_pl|Almond Shield
itm_rus_shield_d_1|Almond Shield
itm_rus_shield_d_1_pl|Almond Shield
itm_cuman_noble_helmet|Cuman Noble Helmet
itm_cuman_noble_helmet_pl|Cuman Noble Helmet
itm_ghulam_helmet|Ghulam Helmet
itm_ghulam_helmet_pl|Ghulam Helmet
itm_ilkhanate_mongol_helmet|Mongol Helmet
itm_ilkhanate_mongol_helmet_pl|Mongol Helmet
itm_polski_helm|Polish Helmet
itm_polski_helm_pl|Polish Helmet
itm_mamluke_helm_b|Mamluke Helmet
itm_mamluke_helm_b_pl|Mamluke Helmet
itm_mongol_helmet_d|Mongol Leather Helmet
itm_mongol_helmet_d_pl|Mongol Leather Helmet
itm_rus_byzantinenoble_kettle|Byzantine Kettle Helm
itm_rus_byzantinenoble_kettle_pl|Byzantine Kettle Helm
itm_rus_helmet_a|Eastern Helmet
itm_rus_helmet_a_pl|Eastern Helmet
itm_rus_infantry_helmet|Eastern Infantry Helmet
itm_rus_infantry_helmet_pl|Eastern Infantry Helmet
itm_rus_militia_helmet|Eastern Militia Helmet
itm_rus_militia_helmet_pl|Eastern Militia Helmet
itm_rus_noble_helmet|Eastern Noble Helmet
itm_rus_noble_helmet_pl|Eastern Noble Helmet
itm_seljuk_archer_cap|Seljuk Cap
itm_seljuk_archer_cap_pl|Seljuk Cap
itm_ilkhanate_cap|Mongol Cap
itm_ilkhanate_cap_pl|Mongol Cap
itm_cuman_cap_d|Cuman Hat
itm_cuman_cap_d_pl|Cuman Hat
itm_anatolian_horseman_lamellar|Anatolian Lamellar Armor
itm_anatolian_horseman_lamellar_pl|Anatolian Lamellar Armor
itm_anatolian_leather_lamellar|Anatolian Leather Lamellar Armor
itm_anatolian_leather_lamellar_pl|Anatolian Leather Lamellar Armor
itm_anatolian_mail|Anatolian Mail Shirt
itm_anatolian_mail_pl|Anatolian Mail Shirt
itm_arab_headcloth|Headcloth
itm_arab_headcloth_pl|Headcloth
itm_seljuk_tunic|Seljuk Tunic
itm_seljuk_tunic_pl|Seljuk Tunic
itm_seljuk_tunic_b|Seljuk Tunic
itm_seljuk_tunic_b_pl|Seljuk Tunic
itm_seljuk_tunic_c|Seljuk Tunic
itm_seljuk_tunic_c_pl|Seljuk Tunic
itm_rus_noble_mail|Rus Nobleman Mail
itm_rus_noble_mail_pl|Rus Nobleman Mail
itm_rus_mask_helmet|Rus Mask Helmet
itm_rus_mask_helmet_pl|Rus Mask Helmet
itm_mamluk_lamellar|Mamluk Lamellar Armour
itm_mamluk_lamellar_pl|Mamluk Lamellar Armour
itm_rus_leather_scale|Rus Scale Armour
itm_rus_leather_scale_pl|Rus Scale Armour
itm_rus_leather_scale_b|Rus Scale Armour
itm_rus_leather_scale_b_pl|Rus Scale Armour
itm_rohatyna|Rohatyna
itm_rohatyna_pl|Rohatyna
itm_flat_topped_helmet_a|Flat Topped Helmet
itm_flat_topped_helmet_a_pl|Flat Topped Helmet
itm_flat_topped_helmet_b|Flat Topped Helmet
itm_flat_topped_helmet_b_pl|Flat Topped Helmet
itm_great_helmet_a|Great Helm
itm_great_helmet_a_pl|Great Helm
itm_great_helmet_b|Great Helm
itm_great_helmet_b_pl|Great Helm
itm_great_helmet_c|Great Helm
itm_great_helmet_c_pl|Great Helm
itm_great_helmet_d|Great Helm
itm_great_helmet_d_pl|Great Helm
itm_great_helmet_decorative|Great Helm
itm_great_helmet_decorative_pl|Great Helm
itm_bill|Bill
itm_bill_pl|Bill
itm_almogavar_helmet|Almoghavar Helmet
itm_almogavar_helmet_pl|Almoghavar Helmet
itm_curonian_helmet|Curonian Helmet
itm_curonian_helmet_pl|Curonian Helmet
itm_balt_padded_a|Balt Padded Armour
itm_balt_padded_a_pl|Balt Padded Armour
itm_balt_padded_b|Balt Padded Armour
itm_balt_padded_b_pl|Balt Padded Armour
itm_militia_tunic_a|Militia Tunic
itm_militia_tunic_a_pl|Militia Tunic
itm_militia_tunic_b|Militia Tunic
itm_militia_tunic_b_pl|Militia Tunic
itm_rus_militia_padded_a|Rus Padded Armour
itm_rus_militia_padded_a_pl|Rus Padded Armour
itm_little_samogitian|emaitukas
itm_little_samogitian_pl|emaitukas
itm_kettlehat_a|Kettle Helm
itm_kettlehat_a_pl|Kettle Helm
itm_kettlehat_b|Kettle Helm
itm_kettlehat_b_pl|Kettle Helm
itm_kettlehat_c|Kettle Helm
itm_kettlehat_c_pl|Kettle Helm
itm_items_end|Items End
itm_items_end_pl|Items End
